"Nr","ID","Examination_nr","Examination_type_nr","Task_type","target","performed","Date"
141,1,1,1,"abduction",62.3,63.3,"2018-02-24 11:40:25"
142,1,1,1,"abduction",90.8,86.9,"2018-02-24 11:40:43"
143,1,1,1,"abduction",120.5,122.5,"2018-02-24 11:41:02"
144,1,1,1,"abduction",61.5,62.1,"2018-02-24 11:41:23"
145,1,1,1,"abduction",89.7,90.4,"2018-02-24 11:41:42"
146,1,1,1,"abduction",120.9,123.4,"2018-02-24 11:42:04"
147,1,1,1,"abduction",60.3,64,"2018-02-24 11:42:25"
148,1,1,1,"abduction",91.9,93.9,"2018-02-24 11:42:44"
149,1,1,1,"abduction",119.2,117.4,"2018-02-24 11:43:01"
150,1,1,1,"abduction",58.7,61.5,"2018-02-24 11:43:19"
151,1,1,1,"abduction",89.6,93.2,"2018-02-24 11:43:34"
152,1,1,1,"abduction",120.7,123.8,"2018-02-24 11:43:49"
153,1,1,1,"abduction",61.3,66.8,"2018-02-24 11:44:04"
154,1,1,1,"abduction",90.2,93.6,"2018-02-24 11:44:18"
155,1,1,1,"abduction",121.5,131.7,"2018-02-24 11:44:34"
156,1,1,2,"flexion",61.7,66.6,"2018-02-24 11:45:53"
157,1,1,2,"flexion",90.2,93.4,"2018-02-24 11:46:08"
158,1,1,2,"flexion",119.2,119.2,"2018-02-24 11:46:23"
159,1,1,2,"flexion",62.6,76,"2018-02-24 11:46:40"
160,1,1,2,"flexion",90.3,93.8,"2018-02-24 11:46:54"
161,1,1,2,"flexion",118.6,112.8,"2018-02-24 11:47:11"
162,1,1,2,"flexion",60.8,66.2,"2018-02-24 11:47:28"
163,1,1,2,"flexion",91.6,93.8,"2018-02-24 11:47:43"
164,1,1,2,"flexion",119.8,113.8,"2018-02-24 11:47:57"
165,1,1,2,"flexion",59,73.3,"2018-02-24 11:48:13"
166,1,1,2,"flexion",91.4,95.1,"2018-02-24 11:48:28"
167,1,1,2,"flexion",120.2,117.3,"2018-02-24 11:48:43"
168,1,1,2,"flexion",57.4,71.2,"2018-02-24 11:48:57"
169,1,1,2,"flexion",90.4,95.1,"2018-02-24 11:49:11"
170,1,1,2,"flexion",119.9,120.2,"2018-02-24 11:49:26"
171,2,1,1,"abduction",63.1,63.2,"2018-02-24 12:31:21"
172,2,1,1,"abduction",86.4,90,"2018-02-24 12:31:39"
173,2,1,1,"abduction",118.1,118.5,"2018-02-24 12:31:58"
174,2,1,1,"abduction",60.6,60.1,"2018-02-24 12:32:16"
175,2,1,1,"abduction",87.7,90.9,"2018-02-24 12:32:34"
176,2,1,1,"abduction",116.2,119.4,"2018-02-24 12:32:54"
177,2,1,1,"abduction",60.8,64.3,"2018-02-24 12:33:15"
178,2,1,1,"abduction",88.2,89.6,"2018-02-24 12:33:35"
179,2,1,1,"abduction",117.4,118.8,"2018-02-24 12:33:54"
180,2,1,1,"abduction",59.9,59,"2018-02-24 12:34:10"
181,2,1,1,"abduction",85.1,90.4,"2018-02-24 12:34:26"
182,2,1,1,"abduction",116.1,121.8,"2018-02-24 12:34:43"
183,2,1,1,"abduction",58.2,65.5,"2018-02-24 12:35:07"
184,2,1,1,"abduction",85.9,90.8,"2018-02-24 12:35:25"
185,2,1,1,"abduction",120.5,127.7,"2018-02-24 12:35:40"
186,2,1,2,"flexion",62.1,65.2,"2018-02-24 12:36:47"
187,2,1,2,"flexion",88.9,92.4,"2018-02-24 12:37:02"
188,2,1,2,"flexion",119.4,116.3,"2018-02-24 12:37:16"
189,2,1,2,"flexion",59.2,71.4,"2018-02-24 12:37:31"
190,2,1,2,"flexion",89.6,92.5,"2018-02-24 12:37:45"
191,2,1,2,"flexion",117.5,117.4,"2018-02-24 12:38:00"
192,2,1,2,"flexion",60,67.5,"2018-02-24 12:38:12"
193,2,1,2,"flexion",90.3,94.8,"2018-02-24 12:38:26"
194,2,1,2,"flexion",120.1,119.2,"2018-02-24 12:38:41"
195,2,1,2,"flexion",59.9,60,"2018-02-24 12:38:55"
196,2,1,2,"flexion",90.2,89,"2018-02-24 12:39:09"
197,2,1,2,"flexion",122.1,127.6,"2018-02-24 12:39:24"
198,2,1,2,"flexion",58.7,65.1,"2018-02-24 12:39:37"
199,2,1,2,"flexion",89.8,97.3,"2018-02-24 12:39:51"
200,2,1,2,"flexion",117.5,117,"2018-02-24 12:40:09"
201,3,1,1,"abduction",62,58.7,"2018-02-24 13:18:54"
202,3,1,1,"abduction",89.4,86.2,"2018-02-24 13:19:10"
203,3,1,1,"abduction",118.4,109.9,"2018-02-24 13:19:27"
204,3,1,1,"abduction",59.7,65,"2018-02-24 13:19:41"
205,3,1,1,"abduction",90.4,93.8,"2018-02-24 13:19:55"
206,3,1,1,"abduction",120.9,116.5,"2018-02-24 13:20:11"
207,3,1,1,"abduction",61.7,61.8,"2018-02-24 13:20:24"
208,3,1,1,"abduction",91.1,88.1,"2018-02-24 13:20:39"
209,3,1,1,"abduction",122.4,110.1,"2018-02-24 13:20:57"
210,3,1,1,"abduction",62.3,65.4,"2018-02-24 13:21:10"
211,3,1,1,"abduction",89.9,87.3,"2018-02-24 13:21:23"
212,3,1,1,"abduction",121.5,112.6,"2018-02-24 13:21:38"
213,3,1,1,"abduction",56.2,53.6,"2018-02-24 13:21:51"
214,3,1,1,"abduction",89.5,84.7,"2018-02-24 13:22:05"
215,3,1,1,"abduction",120.7,121,"2018-02-24 13:22:21"
216,3,1,2,"flexion",61.1,48.6,"2018-02-24 13:24:09"
217,3,1,2,"flexion",95.1,90.5,"2018-02-24 13:24:23"
218,3,1,2,"flexion",120.8,121.2,"2018-02-24 13:24:39"
219,3,1,2,"flexion",59.3,55.9,"2018-02-24 13:24:54"
220,3,1,2,"flexion",90.3,97.3,"2018-02-24 13:25:09"
221,3,1,2,"flexion",122,119.7,"2018-02-24 13:25:24"
222,3,1,2,"flexion",59,56.4,"2018-02-24 13:25:39"
223,3,1,2,"flexion",89.5,102.3,"2018-02-24 13:25:54"
224,3,1,2,"flexion",121.2,121.9,"2018-02-24 13:26:12"
225,3,1,2,"flexion",59.4,52.9,"2018-02-24 13:26:29"
270,5,1,1,"abduction",123.6,128.4,"2018-02-24 15:37:41"
271,5,1,1,"abduction",63.9,79.7,"2018-02-24 15:37:55"
272,5,1,1,"abduction",95,93.1,"2018-02-24 15:38:08"
273,5,1,1,"abduction",119.5,120.9,"2018-02-24 15:38:22"
274,5,1,1,"abduction",62.2,82.8,"2018-02-24 15:38:38"
275,5,1,1,"abduction",93.3,108.8,"2018-02-24 15:38:53"
276,5,1,1,"abduction",128,123.8,"2018-02-24 15:39:11"
277,5,1,2,"flexion",64.4,73.2,"2018-02-24 15:40:36"
278,5,1,2,"flexion",94,103.2,"2018-02-24 15:40:49"
279,5,1,2,"flexion",120.2,118.4,"2018-02-24 15:41:03"
280,5,1,2,"flexion",61.8,81,"2018-02-24 15:41:18"
281,5,1,2,"flexion",92.6,93.6,"2018-02-24 15:41:33"
282,5,1,2,"flexion",122.9,124.1,"2018-02-24 15:41:49"
283,5,1,2,"flexion",60.5,76.7,"2018-02-24 15:42:02"
284,5,1,2,"flexion",92.1,99.7,"2018-02-24 15:42:15"
285,5,1,2,"flexion",118.8,120.1,"2018-02-24 15:42:31"
286,5,1,2,"flexion",64.9,78.6,"2018-02-24 15:42:47"
287,5,1,2,"flexion",91.7,97.9,"2018-02-24 15:43:00"
288,5,1,2,"flexion",121.9,123.6,"2018-02-24 15:43:12"
289,5,1,2,"flexion",62.3,75.6,"2018-02-24 15:43:26"
290,5,1,2,"flexion",93.7,96.4,"2018-02-24 15:43:38"
291,5,1,2,"flexion",118.9,114.6,"2018-02-24 15:43:52"
292,6,1,1,"abduction",62.5,68.7,"2018-02-24 16:45:50"
293,6,1,1,"abduction",90.9,92.2,"2018-02-24 16:46:09"
294,6,1,1,"abduction",121.2,127.3,"2018-02-24 16:46:28"
295,6,1,1,"abduction",62.5,63.6,"2018-02-24 16:46:53"
296,6,1,1,"abduction",88.6,93.2,"2018-02-24 16:47:12"
297,6,1,1,"abduction",117.3,126.2,"2018-02-24 16:47:36"
298,6,1,1,"abduction",61.4,57.6,"2018-02-24 16:47:58"
299,6,1,1,"abduction",92.7,95.9,"2018-02-24 16:48:28"
300,6,1,1,"abduction",118.8,126.9,"2018-02-24 16:48:47"
301,6,1,1,"abduction",60,59.6,"2018-02-24 16:49:08"
302,6,1,1,"abduction",119.5,126.9,"2018-02-24 16:49:30"
303,6,1,1,"abduction",60.5,64,"2018-02-24 16:49:51"
304,6,1,1,"abduction",92.2,94,"2018-02-24 16:50:18"
305,6,1,1,"abduction",120.8,128.2,"2018-02-24 16:50:55"
306,6,1,1,"abduction",89.5,97.8,"2018-02-24 16:51:18"
307,6,1,2,"flexion",62.7,59.8,"2018-02-24 16:52:38"
308,6,1,2,"flexion",90.7,89,"2018-02-24 16:52:57"
309,6,1,2,"flexion",119.9,113.9,"2018-02-24 16:53:18"
310,6,1,2,"flexion",61.6,59.6,"2018-02-24 16:54:10"
311,6,1,2,"flexion",90,92.6,"2018-02-24 16:54:31"
312,6,1,2,"flexion",118.4,122.3,"2018-02-24 16:54:52"
313,6,1,2,"flexion",61.8,64.5,"2018-02-24 16:55:13"
226,3,1,2,"flexion",89.1,89.4,"2018-02-24 13:26:45"
227,3,1,2,"flexion",122.5,121.8,"2018-02-24 13:27:01"
228,3,1,2,"flexion",60.2,49.2,"2018-02-24 13:27:17"
229,3,1,2,"flexion",91.9,94.8,"2018-02-24 13:27:33"
230,3,1,2,"flexion",122.2,127,"2018-02-24 13:27:50"
231,4,1,2,"abduction",56.4,58.3,"2018-02-24 14:05:13"
232,4,1,2,"abduction",91.2,90.9,"2018-02-24 14:05:32"
233,4,1,2,"abduction",125.6,119.9,"2018-02-24 14:05:56"
234,4,1,2,"abduction",62.1,62,"2018-02-24 14:06:17"
235,4,1,2,"abduction",86.9,89.7,"2018-02-24 14:06:47"
236,4,1,2,"abduction",122.8,110.2,"2018-02-24 14:07:15"
237,4,1,2,"abduction",56.9,65.2,"2018-02-24 14:07:31"
238,4,1,2,"abduction",90.1,99,"2018-02-24 14:07:48"
239,4,1,2,"abduction",119.1,112.4,"2018-02-24 14:08:05"
240,4,1,2,"abduction",64.6,71.1,"2018-02-24 14:08:24"
241,4,1,2,"abduction",87.7,89.4,"2018-02-24 14:08:42"
242,4,1,2,"abduction",121.9,125.1,"2018-02-24 14:09:00"
243,4,1,2,"abduction",60.5,67,"2018-02-24 14:09:16"
244,4,1,2,"abduction",84.8,83.9,"2018-02-24 14:09:34"
245,4,1,2,"flexion",117.9,110.4,"2018-02-24 14:09:49"
246,4,1,2,"flexion",60,63.2,"2018-02-24 14:12:00"
247,4,1,2,"flexion",88.6,92.4,"2018-02-24 14:12:16"
248,4,1,2,"flexion",118.2,113.7,"2018-02-24 14:12:36"
249,4,1,2,"flexion",60.4,80.9,"2018-02-24 14:12:52"
250,4,1,2,"flexion",90.9,90.9,"2018-02-24 14:13:07"
251,4,1,2,"flexion",119.2,122.9,"2018-02-24 14:13:26"
252,4,1,2,"flexion",61.3,67.4,"2018-02-24 14:13:40"
253,4,1,2,"flexion",88.9,95.9,"2018-02-24 14:13:57"
254,4,1,2,"flexion",119.1,118.8,"2018-02-24 14:14:18"
255,4,1,2,"flexion",61.6,71.2,"2018-02-24 14:14:34"
256,4,1,2,"flexion",89.8,93.7,"2018-02-24 14:14:48"
257,4,1,2,"flexion",116.1,107.2,"2018-02-24 14:15:05"
258,4,1,2,"flexion",61.8,78.8,"2018-02-24 14:15:21"
259,4,1,2,"flexion",89.6,90.1,"2018-02-24 14:15:35"
260,4,1,2,"flexion",117.3,115,"2018-02-24 14:15:52"
262,5,1,1,"abduction",60.3,55.4,"2018-02-24 15:35:13"
263,5,1,1,"abduction",89.7,90.5,"2018-02-24 15:35:28"
264,5,1,1,"abduction",122.7,123.1,"2018-02-24 15:35:43"
265,5,1,1,"abduction",61.4,62.2,"2018-02-24 15:36:12"
266,5,1,1,"abduction",89.8,98,"2018-02-24 15:36:29"
267,5,1,1,"abduction",121.3,115.9,"2018-02-24 15:36:44"
268,5,1,1,"abduction",60,71.4,"2018-02-24 15:37:06"
269,5,1,1,"abduction",90.5,89.7,"2018-02-24 15:37:28"
322,7,1,1,"abduction",61.9,68.2,"2018-02-25 13:43:13"
314,6,1,2,"flexion",92.4,96,"2018-02-24 16:55:36"
315,6,1,2,"flexion",118.7,120.5,"2018-02-24 16:56:00"
316,6,1,2,"flexion",61.6,72.8,"2018-02-24 16:56:20"
317,6,1,2,"flexion",90.8,97.4,"2018-02-24 16:56:43"
318,6,1,2,"flexion",117.1,121.1,"2018-02-24 16:57:06"
319,6,1,2,"flexion",60.7,75.1,"2018-02-24 16:57:24"
320,6,1,2,"flexion",89.9,96.9,"2018-02-24 16:57:45"
321,6,1,2,"flexion",118.1,118.1,"2018-02-24 16:58:10"
323,7,1,1,"abduction",87.7,87.9,"2018-02-25 13:43:30"
324,7,1,1,"abduction",121.1,121.1,"2018-02-25 13:43:43"
325,7,1,1,"abduction",61.2,75.1,"2018-02-25 13:43:59"
326,7,1,1,"abduction",89,89.3,"2018-02-25 13:44:13"
327,7,1,1,"abduction",118.5,124.7,"2018-02-25 13:44:29"
328,7,1,1,"abduction",61.5,75.1,"2018-02-25 13:44:42"
329,7,1,1,"abduction",90.8,93.9,"2018-02-25 13:44:57"
330,7,1,1,"abduction",117.3,122.3,"2018-02-25 13:45:15"
331,7,1,1,"abduction",60.5,73.5,"2018-02-25 13:45:50"
332,7,1,1,"abduction",87.8,86.1,"2018-02-25 13:46:06"
333,7,1,1,"abduction",118,115.6,"2018-02-25 13:46:23"
334,7,1,1,"abduction",59.3,68.9,"2018-02-25 13:46:38"
335,7,1,1,"abduction",88.4,91.6,"2018-02-25 13:46:54"
336,7,1,1,"abduction",117.6,108.1,"2018-02-25 13:47:09"
337,7,1,2,"flexion",60.9,61.5,"2018-02-25 13:48:34"
338,7,1,2,"flexion",88.4,86.3,"2018-02-25 13:48:49"
339,7,1,2,"flexion",113.3,107.3,"2018-02-25 13:49:06"
340,7,1,2,"flexion",59.5,75,"2018-02-25 13:49:20"
341,7,1,2,"flexion",87.2,84.8,"2018-02-25 13:49:39"
342,7,1,2,"flexion",116.5,107.4,"2018-02-25 13:49:56"
343,7,1,2,"flexion",61.3,74.2,"2018-02-25 13:50:27"
344,7,1,2,"flexion",87.8,89.8,"2018-02-25 13:50:42"
345,7,1,2,"flexion",118.5,111.6,"2018-02-25 13:51:00"
346,7,1,2,"flexion",61.1,80.9,"2018-02-25 13:51:16"
347,7,1,2,"flexion",89.3,90.9,"2018-02-25 13:51:32"
348,7,1,2,"flexion",117.8,111.2,"2018-02-25 13:51:52"
349,7,1,2,"flexion",60.1,80.7,"2018-02-25 13:52:08"
350,7,1,2,"flexion",88.6,91.4,"2018-02-25 13:52:25"
351,7,1,2,"flexion",115,109.8,"2018-02-25 13:52:43"
352,8,1,1,"abduction",64.5,70.2,"2018-02-25 14:24:49"
353,8,1,1,"abduction",91.3,86,"2018-02-25 14:25:25"
354,8,1,1,"abduction",118.6,118,"2018-02-25 14:25:49"
355,8,1,1,"abduction",62.7,68.2,"2018-02-25 14:26:05"
356,8,1,1,"abduction",88.2,89.9,"2018-02-25 14:26:27"
357,8,1,1,"abduction",117.3,117.8,"2018-02-25 14:26:47"
358,8,1,1,"abduction",62.7,64.5,"2018-02-25 14:27:30"
359,8,1,1,"abduction",90.1,87.5,"2018-02-25 14:27:51"
360,8,1,1,"abduction",117.5,112.3,"2018-02-25 14:28:10"
361,8,1,1,"abduction",60.5,58.8,"2018-02-25 14:28:29"
362,8,1,1,"abduction",91.2,90.6,"2018-02-25 14:28:49"
363,8,1,1,"abduction",119,115.8,"2018-02-25 14:29:06"
364,8,1,1,"abduction",62.3,62.2,"2018-02-25 14:29:22"
365,8,1,1,"abduction",88.2,83.1,"2018-02-25 14:29:42"
366,8,1,1,"abduction",117.7,114.6,"2018-02-25 14:30:02"
367,8,1,2,"flexion",60.4,60.8,"2018-02-25 14:30:59"
368,8,1,2,"flexion",89.7,92.4,"2018-02-25 14:31:15"
369,8,1,2,"flexion",119.1,114.9,"2018-02-25 14:31:34"
370,8,1,2,"flexion",60,65.2,"2018-02-25 14:31:49"
371,8,1,2,"flexion",90,88.3,"2018-02-25 14:32:02"
372,8,1,2,"flexion",119.3,116.7,"2018-02-25 14:32:20"
373,8,1,2,"flexion",60.3,63.7,"2018-02-25 14:32:37"
374,8,1,2,"flexion",91.2,91.8,"2018-02-25 14:32:55"
375,8,1,2,"flexion",122.4,118,"2018-02-25 14:33:16"
376,8,1,2,"flexion",61.3,73.3,"2018-02-25 14:33:32"
377,8,1,2,"flexion",89.9,94.8,"2018-02-25 14:33:45"
378,8,1,2,"flexion",121.2,122.2,"2018-02-25 14:34:02"
379,8,1,2,"flexion",61.5,71,"2018-02-25 14:34:18"
380,8,1,2,"flexion",89.9,95.2,"2018-02-25 14:34:31"
381,8,1,2,"flexion",118.9,116.9,"2018-02-25 14:34:47"
382,9,1,1,"abduction",60.5,68.9,"2018-02-25 15:28:34"
383,9,1,1,"abduction",89.5,96.6,"2018-02-25 15:28:50"
384,9,1,1,"abduction",120.7,120.9,"2018-02-25 15:29:16"
385,9,1,1,"abduction",63.7,71.2,"2018-02-25 15:29:32"
386,9,1,1,"abduction",92.4,95.8,"2018-02-25 15:29:47"
387,9,1,1,"abduction",123.2,125.8,"2018-02-25 15:30:03"
388,9,1,1,"abduction",59.9,68.1,"2018-02-25 15:30:16"
389,9,1,1,"abduction",92.5,97.6,"2018-02-25 15:30:29"
390,9,1,1,"abduction",120.7,118.7,"2018-02-25 15:30:45"
391,9,1,1,"abduction",59.1,69.1,"2018-02-25 15:30:59"
392,9,1,1,"abduction",95.3,102,"2018-02-25 15:31:13"
393,9,1,1,"abduction",120.6,117.9,"2018-02-25 15:31:29"
394,9,1,1,"abduction",60.4,68,"2018-02-25 15:31:45"
395,9,1,1,"abduction",90.9,101.3,"2018-02-25 15:31:59"
396,9,1,1,"abduction",122.4,129.6,"2018-02-25 15:32:14"
397,9,1,2,"flexion",60.1,67.6,"2018-02-25 15:34:22"
398,9,1,2,"flexion",90.9,98.5,"2018-02-25 15:34:35"
399,9,1,2,"flexion",122.4,121,"2018-02-25 15:34:50"
400,9,1,2,"flexion",62.6,70.3,"2018-02-25 15:35:03"
401,9,1,2,"flexion",91,95.7,"2018-02-25 15:35:16"
402,9,1,2,"flexion",121.9,119.2,"2018-02-25 15:35:30"
403,9,1,2,"flexion",60,74,"2018-02-25 15:35:43"
404,9,1,2,"flexion",91.2,96.4,"2018-02-25 15:35:56"
405,9,1,2,"flexion",120,115.6,"2018-02-25 15:36:09"
406,9,1,2,"flexion",59.3,70.9,"2018-02-25 15:36:23"
407,9,1,2,"flexion",92.4,99.6,"2018-02-25 15:36:37"
408,9,1,2,"flexion",119.7,114.8,"2018-02-25 15:36:54"
409,9,1,2,"flexion",60.9,71.1,"2018-02-25 15:37:06"
410,9,1,2,"flexion",88.7,93.6,"2018-02-25 15:37:20"
411,9,1,2,"flexion",121.4,116.3,"2018-02-25 15:37:36"
412,10,1,1,"abduction",61.4,65.8,"2018-02-25 16:42:57"
413,10,1,1,"abduction",91.9,88.4,"2018-02-25 16:43:14"
414,10,1,1,"abduction",119.2,113.7,"2018-02-25 16:43:37"
415,10,1,1,"abduction",61.2,66,"2018-02-25 16:43:52"
416,10,1,1,"abduction",92.3,90.2,"2018-02-25 16:44:13"
417,10,1,1,"abduction",120.7,114.2,"2018-02-25 16:44:33"
418,10,1,1,"abduction",62.3,64.6,"2018-02-25 16:44:51"
419,10,1,1,"abduction",92.3,86.5,"2018-02-25 16:45:09"
420,10,1,1,"abduction",120,112.2,"2018-02-25 16:45:34"
421,10,1,1,"abduction",58.9,59.1,"2018-02-25 16:45:53"
422,10,1,1,"abduction",91.9,86.9,"2018-02-25 16:46:12"
423,10,1,1,"abduction",119.5,113.2,"2018-02-25 16:46:38"
424,10,1,1,"abduction",61.6,64.4,"2018-02-25 16:46:55"
425,10,1,1,"abduction",91.1,83.3,"2018-02-25 16:47:12"
426,10,1,1,"abduction",122.9,120.5,"2018-02-25 16:47:34"
427,10,1,2,"flexion",61.3,63.9,"2018-02-25 16:48:42"
428,10,1,2,"flexion",89,84.1,"2018-02-25 16:49:03"
429,10,1,2,"flexion",119.6,113.9,"2018-02-25 16:49:23"
430,10,1,2,"flexion",60.6,70,"2018-02-25 16:49:47"
431,10,1,2,"flexion",91.5,82,"2018-02-25 16:50:07"
432,10,1,2,"flexion",120.1,114.1,"2018-02-25 16:50:31"
433,10,1,2,"flexion",59.8,67.4,"2018-02-25 16:50:52"
434,10,1,2,"flexion",91.2,86.1,"2018-02-25 16:51:10"
435,10,1,2,"flexion",119.7,106.7,"2018-02-25 16:51:33"
436,10,1,2,"flexion",61.9,70.9,"2018-02-25 16:51:57"
437,10,1,2,"flexion",91.4,83.6,"2018-02-25 16:52:17"
438,10,1,2,"flexion",121.1,117.9,"2018-02-25 16:52:39"
439,10,1,2,"flexion",59.3,63.6,"2018-02-25 16:53:03"
440,10,1,2,"flexion",90.5,88.4,"2018-02-25 16:53:25"
441,10,1,2,"flexion",121.5,114.4,"2018-02-25 16:53:47"
442,11,1,1,"abduction",59.9,68.1,"2018-02-25 17:35:40"
443,11,1,1,"abduction",87,90.3,"2018-02-25 17:35:52"
444,11,1,1,"abduction",122.2,117.7,"2018-02-25 17:36:09"
445,11,1,1,"abduction",63.1,75.6,"2018-02-25 17:36:22"
446,11,1,1,"abduction",85.3,89.5,"2018-02-25 17:36:35"
447,11,1,1,"abduction",117.6,110.1,"2018-02-25 17:36:51"
448,11,1,1,"abduction",61.2,68.9,"2018-02-25 17:37:02"
449,11,1,1,"abduction",89,88.9,"2018-02-25 17:37:13"
450,11,1,1,"abduction",112.1,110.7,"2018-02-25 17:37:25"
451,11,1,1,"abduction",62.6,69.6,"2018-02-25 17:37:37"
452,11,1,1,"abduction",89.8,91.1,"2018-02-25 17:37:48"
453,11,1,1,"abduction",117.9,116.5,"2018-02-25 17:38:01"
454,11,1,1,"abduction",58.8,66.6,"2018-02-25 17:38:15"
455,11,1,1,"abduction",87.7,87,"2018-02-25 17:38:26"
456,11,1,1,"abduction",116.3,115.3,"2018-02-25 17:38:39"
457,11,1,2,"flexion",62.3,68.7,"2018-02-25 17:40:24"
458,11,1,2,"flexion",88.3,95,"2018-02-25 17:40:35"
459,11,1,2,"flexion",118.2,122.3,"2018-02-25 17:40:47"
460,11,1,2,"flexion",64.7,73.8,"2018-02-25 17:41:02"
461,11,1,2,"flexion",89.4,97.6,"2018-02-25 17:41:13"
462,11,1,2,"flexion",118.4,122.3,"2018-02-25 17:41:24"
463,11,1,2,"flexion",64.1,76.2,"2018-02-25 17:41:36"
464,11,1,2,"flexion",90.5,95.8,"2018-02-25 17:41:46"
465,11,1,2,"flexion",119.1,118.5,"2018-02-25 17:41:57"
466,11,1,2,"flexion",64.2,77.7,"2018-02-25 17:42:07"
467,11,1,2,"flexion",91.1,94.7,"2018-02-25 17:42:18"
468,11,1,2,"flexion",119.7,117.6,"2018-02-25 17:42:30"
469,11,1,2,"flexion",62.7,70.5,"2018-02-25 17:42:40"
470,11,1,2,"flexion",90.2,94.5,"2018-02-25 17:42:50"
471,11,1,2,"flexion",117.9,121.7,"2018-02-25 17:43:02"
472,12,1,1,"abduction",61.8,65.7,"2018-02-26 17:34:23"
473,12,1,1,"abduction",90.6,91.7,"2018-02-26 17:34:37"
474,12,1,1,"abduction",120.2,121,"2018-02-26 17:34:51"
475,12,1,1,"abduction",60.6,70.4,"2018-02-26 17:35:06"
476,12,1,1,"abduction",93.1,93.9,"2018-02-26 17:35:18"
477,12,1,1,"abduction",122.3,128.1,"2018-02-26 17:35:33"
478,12,1,1,"abduction",62.4,73.4,"2018-02-26 17:35:47"
479,12,1,1,"abduction",89.8,98.8,"2018-02-26 17:36:01"
480,12,1,1,"abduction",121,132.3,"2018-02-26 17:36:17"
481,12,1,1,"abduction",60.4,71.2,"2018-02-26 17:36:31"
482,12,1,1,"abduction",90,91.5,"2018-02-26 17:36:44"
483,12,1,1,"abduction",120.9,124.2,"2018-02-26 17:36:58"
484,12,1,1,"abduction",59,70.8,"2018-02-26 17:37:11"
485,12,1,1,"abduction",91.7,85.8,"2018-02-26 17:37:45"
486,12,1,1,"abduction",121.2,131.6,"2018-02-26 17:37:58"
487,12,1,2,"flexion",61.6,74.9,"2018-02-26 17:39:01"
488,12,1,2,"flexion",93.3,94.3,"2018-02-26 17:39:13"
489,12,1,2,"flexion",119.6,118.5,"2018-02-26 17:39:29"
490,12,1,2,"flexion",65.1,74.1,"2018-02-26 17:39:44"
491,12,1,2,"flexion",91.5,97.6,"2018-02-26 17:39:57"
492,12,1,2,"flexion",120.7,123.6,"2018-02-26 17:40:09"
493,12,1,2,"flexion",63.2,77.7,"2018-02-26 17:40:24"
494,12,1,2,"flexion",92.4,101.5,"2018-02-26 17:40:39"
495,12,1,2,"flexion",121.1,128.2,"2018-02-26 17:40:52"
496,12,1,2,"flexion",61.5,73.9,"2018-02-26 17:41:06"
497,12,1,2,"flexion",92.3,91.5,"2018-02-26 17:41:20"
498,12,1,2,"flexion",121.6,117,"2018-02-26 17:41:33"
499,12,1,2,"flexion",63.4,80.2,"2018-02-26 17:41:47"
500,12,1,2,"flexion",91.7,97.8,"2018-02-26 17:42:01"
501,12,1,2,"flexion",118.6,123.3,"2018-02-26 17:42:16"
502,13,1,1,"abduction",61.7,61.3,"2018-02-26 18:27:29"
503,13,1,1,"abduction",90.7,94.1,"2018-02-26 18:27:54"
504,13,1,1,"abduction",119.2,124.4,"2018-02-26 18:28:21"
505,13,1,1,"abduction",60.3,63.7,"2018-02-26 18:28:41"
506,13,1,1,"abduction",90.3,87.7,"2018-02-26 18:29:04"
507,13,1,1,"abduction",118.6,122,"2018-02-26 18:29:30"
508,13,1,1,"abduction",60.1,63.2,"2018-02-26 18:29:50"
509,13,1,1,"abduction",90.3,91.3,"2018-02-26 18:30:10"
510,13,1,1,"abduction",118,120,"2018-02-26 18:30:26"
511,13,1,1,"abduction",60.4,59.4,"2018-02-26 18:30:43"
512,13,1,1,"abduction",88.3,86.1,"2018-02-26 18:31:00"
513,13,1,1,"abduction",118.3,116.1,"2018-02-26 18:31:18"
514,13,1,1,"abduction",61.7,67.4,"2018-02-26 18:31:34"
515,13,1,1,"abduction",89.5,90.9,"2018-02-26 18:31:51"
516,13,1,1,"abduction",118.7,114.4,"2018-02-26 18:32:09"
517,13,1,2,"flexion",60.3,61.2,"2018-02-26 18:33:22"
518,13,1,2,"flexion",88.6,86.4,"2018-02-26 18:33:40"
519,13,1,2,"flexion",117.6,113.4,"2018-02-26 18:33:58"
520,13,1,2,"flexion",64.8,66.9,"2018-02-26 18:34:17"
521,13,1,2,"flexion",92.3,97.2,"2018-02-26 18:34:36"
522,13,1,2,"flexion",120.5,126.4,"2018-02-26 18:34:57"
523,13,1,2,"flexion",60,63.1,"2018-02-26 18:35:13"
524,13,1,2,"flexion",89.6,92.2,"2018-02-26 18:35:31"
525,13,1,2,"flexion",120.1,125,"2018-02-26 18:35:48"
526,13,1,2,"flexion",62.2,75.5,"2018-02-26 18:36:08"
527,13,1,2,"flexion",90.1,90.9,"2018-02-26 18:36:23"
528,13,1,2,"flexion",119.7,120.3,"2018-02-26 18:36:43"
529,13,1,2,"flexion",62.2,65.9,"2018-02-26 18:36:59"
530,13,1,2,"flexion",89.8,86.6,"2018-02-26 18:37:14"
531,13,1,2,"flexion",120.9,120,"2018-02-26 18:37:36"
532,14,1,1,"abduction",59.5,48.5,"2018-02-26 19:15:02"
533,14,1,1,"abduction",89.9,90.8,"2018-02-26 19:15:16"
534,14,1,1,"abduction",115.1,125,"2018-02-26 19:15:31"
535,14,1,1,"abduction",60.3,65.6,"2018-02-26 19:15:45"
536,14,1,1,"abduction",88.5,94.4,"2018-02-26 19:15:58"
537,14,1,1,"abduction",113.9,123.9,"2018-02-26 19:16:13"
538,14,1,1,"abduction",60.9,73.8,"2018-02-26 19:16:26"
539,14,1,1,"abduction",87.8,94.2,"2018-02-26 19:16:40"
540,14,1,1,"abduction",119.1,120.8,"2018-02-26 19:16:56"
541,14,1,1,"abduction",60.1,65.6,"2018-02-26 19:17:09"
542,14,1,1,"abduction",87.8,96.1,"2018-02-26 19:17:21"
543,14,1,1,"abduction",119.4,127.8,"2018-02-26 19:17:35"
544,14,1,1,"abduction",59.7,69.4,"2018-02-26 19:17:48"
545,14,1,1,"abduction",88.7,92.1,"2018-02-26 19:18:00"
546,14,1,1,"abduction",116.5,121.7,"2018-02-26 19:18:14"
547,14,1,2,"flexion",59.5,65.7,"2018-02-26 19:19:41"
548,14,1,2,"flexion",88.1,89,"2018-02-26 19:19:53"
549,14,1,2,"flexion",118.1,115.2,"2018-02-26 19:20:05"
550,14,1,2,"flexion",61.4,65,"2018-02-26 19:20:19"
551,14,1,2,"flexion",91.9,101.9,"2018-02-26 19:20:32"
552,14,1,2,"flexion",116,118.4,"2018-02-26 19:20:44"
553,14,1,2,"flexion",59.4,67.1,"2018-02-26 19:20:55"
554,14,1,2,"flexion",91.3,97,"2018-02-26 19:21:07"
555,14,1,2,"flexion",116.7,119,"2018-02-26 19:21:20"
556,14,1,2,"flexion",59.6,69.7,"2018-02-26 19:21:31"
557,14,1,2,"flexion",89.9,96.1,"2018-02-26 19:21:43"
558,14,1,2,"flexion",119.4,115.6,"2018-02-26 19:21:58"
559,14,1,2,"flexion",61,72.4,"2018-02-26 19:22:10"
560,14,1,2,"flexion",89.4,94.6,"2018-02-26 19:22:22"
561,14,1,2,"flexion",118.4,123,"2018-02-26 19:22:40"
562,15,1,1,"abduction",58.5,59.4,"2018-02-26 20:07:58"
563,15,1,1,"abduction",89.7,91.7,"2018-02-26 20:08:17"
564,15,1,1,"abduction",117.9,121.7,"2018-02-26 20:08:36"
565,15,1,1,"abduction",59.9,61.4,"2018-02-26 20:08:51"
566,15,1,1,"abduction",88.4,94.6,"2018-02-26 20:09:12"
567,15,1,1,"abduction",116.2,121.3,"2018-02-26 20:09:44"
568,15,1,1,"abduction",62,69.5,"2018-02-26 20:09:58"
569,15,1,1,"abduction",88.9,90.6,"2018-02-26 20:10:12"
570,15,1,1,"abduction",118.5,128.3,"2018-02-26 20:10:26"
571,15,1,1,"abduction",61.5,65.4,"2018-02-26 20:10:46"
572,15,1,1,"abduction",88.5,89.3,"2018-02-26 20:10:59"
573,15,1,1,"abduction",120.6,124.6,"2018-02-26 20:11:15"
574,15,1,1,"abduction",59.4,74.1,"2018-02-26 20:11:29"
575,15,1,1,"abduction",90.7,91,"2018-02-26 20:11:50"
576,15,1,1,"abduction",118.1,126.5,"2018-02-26 20:12:04"
577,15,1,2,"flexion",63.4,77.4,"2018-02-26 20:13:46"
578,15,1,2,"flexion",89.2,100.2,"2018-02-26 20:14:02"
579,15,1,2,"flexion",119.1,110.3,"2018-02-26 20:14:29"
580,15,1,2,"flexion",56.9,78.6,"2018-02-26 20:14:45"
581,15,1,2,"flexion",90.4,96.4,"2018-02-26 20:15:01"
582,15,1,2,"flexion",120,116.4,"2018-02-26 20:15:19"
583,15,1,2,"flexion",60.3,66.9,"2018-02-26 20:15:36"
584,15,1,2,"flexion",90,94.5,"2018-02-26 20:15:52"
585,15,1,2,"flexion",119.9,114.1,"2018-02-26 20:16:08"
586,15,1,2,"flexion",61.2,82.8,"2018-02-26 20:16:23"
587,15,1,2,"flexion",89,94.9,"2018-02-26 20:16:38"
588,15,1,2,"flexion",118,117.4,"2018-02-26 20:16:58"
589,15,1,2,"flexion",63,79.2,"2018-02-26 20:17:13"
590,15,1,2,"flexion",88.6,91.9,"2018-02-26 20:17:29"
591,15,1,2,"flexion",119.8,120.2,"2018-02-26 20:17:46"
592,16,1,1,"abduction",61.8,63.7,"2018-02-27 15:35:23"
593,16,1,1,"abduction",89.9,92.6,"2018-02-27 15:35:37"
594,16,1,1,"abduction",119.9,118.6,"2018-02-27 15:35:55"
595,16,1,1,"abduction",61.9,68.9,"2018-02-27 15:36:13"
596,16,1,1,"abduction",89.3,89.2,"2018-02-27 15:36:26"
597,16,1,1,"abduction",119.4,122.8,"2018-02-27 15:36:40"
598,16,1,1,"abduction",61.9,71.9,"2018-02-27 15:36:52"
599,16,1,1,"abduction",88.6,94.7,"2018-02-27 15:37:05"
600,16,1,1,"abduction",117.4,119.9,"2018-02-27 15:37:19"
601,16,1,1,"abduction",62.2,73.2,"2018-02-27 15:37:32"
602,16,1,1,"abduction",90.1,94.1,"2018-02-27 15:37:46"
603,16,1,1,"abduction",118.8,124.1,"2018-02-27 15:38:00"
604,16,1,1,"abduction",60.5,67.2,"2018-02-27 15:38:12"
605,16,1,1,"abduction",91.7,93.2,"2018-02-27 15:38:25"
606,16,1,1,"abduction",121.8,124.1,"2018-02-27 15:38:40"
607,16,1,2,"flexion",61.8,64.4,"2018-02-27 15:40:08"
608,16,1,2,"flexion",89.5,85.5,"2018-02-27 15:40:20"
609,16,1,2,"flexion",119.1,121.4,"2018-02-27 15:40:34"
610,16,1,2,"flexion",60.9,72.4,"2018-02-27 15:40:48"
611,16,1,2,"flexion",91.3,94.3,"2018-02-27 15:41:01"
612,16,1,2,"flexion",120.2,121,"2018-02-27 15:41:17"
613,16,1,2,"flexion",61.5,65.5,"2018-02-27 15:41:31"
614,16,1,2,"flexion",91.1,95.6,"2018-02-27 15:41:47"
615,16,1,2,"flexion",121,115.7,"2018-02-27 15:42:00"
616,16,1,2,"flexion",62.5,67.2,"2018-02-27 15:42:12"
617,16,1,2,"flexion",88.9,90,"2018-02-27 15:42:24"
618,16,1,2,"flexion",118.3,122.2,"2018-02-27 15:42:37"
619,16,1,2,"flexion",61.4,66.1,"2018-02-27 15:42:51"
620,16,1,2,"flexion",91.3,94,"2018-02-27 15:43:04"
621,16,1,2,"flexion",119.8,117.3,"2018-02-27 15:43:19"
622,17,1,1,"abduction",62.3,63.9,"2018-02-27 16:19:11"
623,17,1,1,"abduction",90.8,94.7,"2018-02-27 16:19:27"
624,17,1,1,"abduction",121.1,120.2,"2018-02-27 16:19:44"
625,17,1,1,"abduction",62.3,65.5,"2018-02-27 16:19:57"
626,17,1,1,"abduction",90.9,105.9,"2018-02-27 16:20:26"
627,17,1,1,"abduction",119.3,122.2,"2018-02-27 16:20:45"
628,17,1,1,"abduction",60,67.2,"2018-02-27 16:21:01"
629,17,1,1,"abduction",93.8,94.9,"2018-02-27 16:21:17"
630,17,1,1,"abduction",118.8,119.7,"2018-02-27 16:21:34"
631,17,1,1,"abduction",61.6,60.4,"2018-02-27 16:21:48"
632,17,1,1,"abduction",90,97.5,"2018-02-27 16:22:05"
633,17,1,1,"abduction",119.6,122.6,"2018-02-27 16:22:21"
634,17,1,1,"abduction",59.4,57.5,"2018-02-27 16:22:32"
635,17,1,1,"abduction",91.9,96.7,"2018-02-27 16:22:46"
636,17,1,1,"abduction",120.9,115.6,"2018-02-27 16:23:03"
637,17,1,2,"flexion",60.9,63.7,"2018-02-27 16:24:15"
638,17,1,2,"flexion",90.9,92.7,"2018-02-27 16:24:27"
639,17,1,2,"flexion",121.4,123.9,"2018-02-27 16:24:48"
640,17,1,2,"flexion",61.5,62.7,"2018-02-27 16:25:01"
641,17,1,2,"flexion",90.5,91.1,"2018-02-27 16:25:14"
642,17,1,2,"flexion",118.4,122.6,"2018-02-27 16:25:28"
643,17,1,2,"flexion",60,63.5,"2018-02-27 16:25:45"
644,17,1,2,"flexion",93.1,103,"2018-02-27 16:26:03"
645,17,1,2,"flexion",116.9,116.2,"2018-02-27 16:26:18"
646,17,1,2,"flexion",65.2,66.6,"2018-02-27 16:26:31"
647,17,1,2,"flexion",93,104.9,"2018-02-27 16:26:47"
648,17,1,2,"flexion",120.4,119.7,"2018-02-27 16:27:01"
649,17,1,2,"flexion",57.9,57.8,"2018-02-27 16:27:13"
650,17,1,2,"flexion",91.7,98,"2018-02-27 16:27:30"
651,17,1,2,"flexion",121.5,116.5,"2018-02-27 16:27:47"
652,18,1,1,"abduction",60.4,63.8,"2018-02-27 17:07:24"
653,18,1,1,"abduction",92,96.6,"2018-02-27 17:07:42"
654,18,1,1,"abduction",120.9,129.8,"2018-02-27 17:08:13"
655,18,1,1,"abduction",63.8,72.4,"2018-02-27 17:08:26"
656,18,1,1,"abduction",90.5,92.7,"2018-02-27 17:08:44"
657,18,1,1,"abduction",120.5,131.1,"2018-02-27 17:09:02"
658,18,1,1,"abduction",63.2,73.2,"2018-02-27 17:09:15"
659,18,1,1,"abduction",92.2,93.6,"2018-02-27 17:09:30"
660,18,1,1,"abduction",121.5,132.6,"2018-02-27 17:09:48"
661,18,1,1,"abduction",65.8,68.3,"2018-02-27 17:10:01"
662,18,1,1,"abduction",94.1,90.3,"2018-02-27 17:10:14"
663,18,1,1,"abduction",119.6,120.9,"2018-02-27 17:10:33"
664,18,1,1,"abduction",64.7,68.2,"2018-02-27 17:10:45"
665,18,1,1,"abduction",92.7,91.7,"2018-02-27 17:10:59"
666,18,1,1,"abduction",121.6,119.1,"2018-02-27 17:11:14"
711,19,1,2,"flexion",118.5,129.4,"2018-02-27 18:01:45"
712,20,1,1,"abduction",60.6,70.7,"2018-02-27 18:37:19"
713,20,1,1,"abduction",91,92.1,"2018-02-27 18:37:33"
714,20,1,1,"abduction",119.3,112.6,"2018-02-27 18:37:46"
715,20,1,1,"abduction",62.2,71.5,"2018-02-27 18:38:01"
716,20,1,1,"abduction",91.8,90.8,"2018-02-27 18:38:14"
717,20,1,1,"abduction",118.6,120.5,"2018-02-27 18:38:29"
718,20,1,1,"abduction",61.2,71.3,"2018-02-27 18:38:42"
719,20,1,1,"abduction",91.8,92.1,"2018-02-27 18:38:56"
720,20,1,1,"abduction",119.4,116.6,"2018-02-27 18:39:12"
721,20,1,1,"abduction",60.6,73,"2018-02-27 18:39:27"
722,20,1,1,"abduction",90.3,94.7,"2018-02-27 18:40:06"
723,20,1,1,"abduction",118.3,117.2,"2018-02-27 18:40:20"
724,20,1,1,"abduction",62,70.1,"2018-02-27 18:40:33"
725,20,1,1,"abduction",91,93.7,"2018-02-27 18:40:47"
726,20,1,1,"abduction",120.5,118.7,"2018-02-27 18:41:01"
727,20,1,2,"flexion",62.3,70.1,"2018-02-27 18:42:06"
728,20,1,2,"flexion",90.8,82.5,"2018-02-27 18:42:19"
729,20,1,2,"flexion",118,111.1,"2018-02-27 18:42:33"
730,20,1,2,"flexion",59.9,68.3,"2018-02-27 18:42:47"
731,20,1,2,"flexion",91.5,90.6,"2018-02-27 18:43:00"
732,20,1,2,"flexion",119,114.5,"2018-02-27 18:43:15"
733,20,1,2,"flexion",61.3,68.4,"2018-02-27 18:43:27"
734,20,1,2,"flexion",90,87.6,"2018-02-27 18:43:41"
735,20,1,2,"flexion",117.6,110.6,"2018-02-27 18:43:57"
736,20,1,2,"flexion",62.4,66.5,"2018-02-27 18:44:10"
737,20,1,2,"flexion",89.9,93.3,"2018-02-27 18:44:24"
738,20,1,2,"flexion",120.1,115.4,"2018-02-27 18:44:39"
739,20,1,2,"flexion",60.8,72.8,"2018-02-27 18:44:52"
740,20,1,2,"flexion",89.9,93.2,"2018-02-27 18:45:06"
741,20,1,2,"flexion",121.1,120.1,"2018-02-27 18:45:21"
742,21,1,1,"abduction",59.3,61.3,"2018-02-28 17:12:56"
743,21,1,1,"abduction",88.7,92.6,"2018-02-28 17:13:12"
744,21,1,1,"abduction",114.3,119,"2018-02-28 17:13:28"
745,21,1,1,"abduction",59.7,54.3,"2018-02-28 17:13:43"
746,21,1,1,"abduction",88.3,76.9,"2018-02-28 17:14:00"
747,21,1,1,"abduction",120.4,127.9,"2018-02-28 17:14:15"
748,21,1,1,"abduction",61.1,60.7,"2018-02-28 17:14:28"
749,21,1,1,"abduction",91.1,92.4,"2018-02-28 17:14:42"
750,21,1,1,"abduction",116.4,123.3,"2018-02-28 17:15:01"
751,21,1,1,"abduction",61.5,61.4,"2018-02-28 17:15:14"
752,21,1,1,"abduction",91.2,91,"2018-02-28 17:15:28"
753,21,1,1,"abduction",116.2,121.7,"2018-02-28 17:15:43"
754,21,1,1,"abduction",62,60.5,"2018-02-28 17:15:57"
667,18,1,2,"flexion",60.1,67,"2018-02-27 17:12:19"
668,18,1,2,"flexion",92.3,97.2,"2018-02-27 17:12:34"
669,18,1,2,"flexion",124,124.4,"2018-02-27 17:12:49"
670,18,1,2,"flexion",63.2,81.7,"2018-02-27 17:13:03"
671,18,1,2,"flexion",93.4,100.4,"2018-02-27 17:13:19"
672,18,1,2,"flexion",121.2,122.7,"2018-02-27 17:13:36"
673,18,1,2,"flexion",62.3,74.9,"2018-02-27 17:13:53"
674,18,1,2,"flexion",92.8,101.2,"2018-02-27 17:14:07"
675,18,1,2,"flexion",121,126.8,"2018-02-27 17:14:22"
676,18,1,2,"flexion",62.2,79.3,"2018-02-27 17:14:37"
677,18,1,2,"flexion",95.1,105.2,"2018-02-27 17:14:51"
678,18,1,2,"flexion",121.1,120.8,"2018-02-27 17:15:09"
679,18,1,2,"flexion",66,82.7,"2018-02-27 17:15:25"
680,18,1,2,"flexion",90.1,97.1,"2018-02-27 17:15:41"
681,18,1,2,"flexion",119.8,118.5,"2018-02-27 17:15:56"
682,19,1,1,"abduction",58.8,58.8,"2018-02-27 17:53:43"
683,19,1,1,"abduction",89.5,90.2,"2018-02-27 17:53:57"
684,19,1,1,"abduction",119.2,123.6,"2018-02-27 17:54:11"
685,19,1,1,"abduction",60.7,73.9,"2018-02-27 17:54:22"
686,19,1,1,"abduction",91.9,92.6,"2018-02-27 17:54:35"
687,19,1,1,"abduction",117.8,121.9,"2018-02-27 17:54:48"
688,19,1,1,"abduction",60.8,67.8,"2018-02-27 17:55:01"
689,19,1,1,"abduction",92,101.9,"2018-02-27 17:55:13"
690,19,1,1,"abduction",120.8,131.5,"2018-02-27 17:55:27"
691,19,1,1,"abduction",61,75.6,"2018-02-27 17:55:50"
692,19,1,1,"abduction",90.2,97.4,"2018-02-27 17:56:03"
693,19,1,1,"abduction",117.1,123.6,"2018-02-27 17:56:17"
694,19,1,1,"abduction",60.3,63.1,"2018-02-27 17:56:29"
695,19,1,1,"abduction",89.1,88.1,"2018-02-27 17:56:40"
696,19,1,1,"abduction",116.4,116.4,"2018-02-27 17:56:55"
697,19,1,2,"flexion",62,75,"2018-02-27 17:58:12"
698,19,1,2,"flexion",87.7,92.1,"2018-02-27 17:58:25"
699,19,1,2,"flexion",118.4,120.9,"2018-02-27 17:58:39"
700,19,1,2,"flexion",60.7,83.4,"2018-02-27 17:58:52"
701,19,1,2,"flexion",89.6,91.8,"2018-02-27 17:59:04"
702,19,1,2,"flexion",118.3,117.5,"2018-02-27 17:59:18"
703,19,1,2,"flexion",62.2,76.9,"2018-02-27 18:00:01"
704,19,1,2,"flexion",88.4,95.6,"2018-02-27 18:00:14"
705,19,1,2,"flexion",117.2,123,"2018-02-27 18:00:29"
706,19,1,2,"flexion",60.5,78,"2018-02-27 18:00:39"
707,19,1,2,"flexion",89,91,"2018-02-27 18:00:54"
708,19,1,2,"flexion",118.5,118.7,"2018-02-27 18:01:08"
709,19,1,2,"flexion",62.8,75.4,"2018-02-27 18:01:18"
710,19,1,2,"flexion",90.7,92.6,"2018-02-27 18:01:30"
755,21,1,1,"abduction",88.7,88,"2018-02-28 17:16:13"
756,21,1,1,"abduction",118.9,114.5,"2018-02-28 17:16:29"
757,21,1,2,"flexion",57.9,54.4,"2018-02-28 17:17:25"
758,21,1,2,"flexion",90.5,83.3,"2018-02-28 17:17:39"
759,21,1,2,"flexion",118.7,118.4,"2018-02-28 17:17:53"
760,21,1,2,"flexion",61.4,70.8,"2018-02-28 17:18:09"
761,21,1,2,"flexion",88.7,83,"2018-02-28 17:18:22"
762,21,1,2,"flexion",118.1,111.3,"2018-02-28 17:18:36"
763,21,1,2,"flexion",61.4,71.7,"2018-02-28 17:18:51"
764,21,1,2,"flexion",89.5,85.9,"2018-02-28 17:19:04"
765,21,1,2,"flexion",117.3,123.2,"2018-02-28 17:19:21"
766,21,1,2,"flexion",60.9,61.1,"2018-02-28 17:19:34"
767,21,1,2,"flexion",88.3,89.4,"2018-02-28 17:19:49"
768,21,1,2,"flexion",118.4,120.2,"2018-02-28 17:20:06"
769,21,1,2,"flexion",60.8,69.8,"2018-02-28 17:20:19"
770,21,1,2,"flexion",91,91.5,"2018-02-28 17:20:32"
771,21,1,2,"flexion",115.2,116.4,"2018-02-28 17:20:49"
772,22,1,1,"abduction",63.3,63.9,"2018-02-28 18:04:38"
773,22,1,1,"abduction",91.5,95.7,"2018-02-28 18:04:56"
774,22,1,1,"abduction",120.3,118.5,"2018-02-28 18:05:16"
775,22,1,1,"abduction",62.6,66.6,"2018-02-28 18:05:32"
776,22,1,1,"abduction",91.4,92,"2018-02-28 18:05:46"
777,22,1,1,"abduction",121.2,116.8,"2018-02-28 18:06:04"
778,22,1,1,"abduction",62.9,59.4,"2018-02-28 18:06:19"
779,22,1,1,"abduction",90.7,95,"2018-02-28 18:06:36"
780,22,1,1,"abduction",119.9,114.2,"2018-02-28 18:06:52"
781,22,1,1,"abduction",60.9,64.1,"2018-02-28 18:07:10"
782,22,1,1,"abduction",91.5,90.2,"2018-02-28 18:07:27"
783,22,1,1,"abduction",117.6,112.3,"2018-02-28 18:07:47"
784,22,1,1,"abduction",62.6,71.6,"2018-02-28 18:08:01"
785,22,1,1,"abduction",91.9,93.2,"2018-02-28 18:08:19"
786,22,1,1,"abduction",119.6,112,"2018-02-28 18:08:36"
787,22,1,2,"flexion",60.8,58.9,"2018-02-28 18:09:31"
788,22,1,2,"flexion",92.6,95.7,"2018-02-28 18:09:46"
789,22,1,2,"flexion",119.8,117.4,"2018-02-28 18:10:02"
790,22,1,2,"flexion",61.6,67.4,"2018-02-28 18:10:17"
791,22,1,2,"flexion",91.7,94.8,"2018-02-28 18:10:35"
792,22,1,2,"flexion",118.4,117.3,"2018-02-28 18:10:54"
793,22,1,2,"flexion",59.5,65.7,"2018-02-28 18:11:09"
794,22,1,2,"flexion",90.4,92.5,"2018-02-28 18:11:25"
795,22,1,2,"flexion",118.4,112.3,"2018-02-28 18:11:46"
796,22,1,2,"flexion",63.1,68.7,"2018-02-28 18:12:04"
797,22,1,2,"flexion",91.9,90.8,"2018-02-28 18:12:20"
798,22,1,2,"flexion",118.3,116.7,"2018-02-28 18:12:39"
799,22,1,2,"flexion",60.8,70.9,"2018-02-28 18:12:55"
800,22,1,2,"flexion",90.4,91,"2018-02-28 18:13:11"
801,22,1,2,"flexion",119.6,117.5,"2018-02-28 18:13:28"
802,23,1,1,"abduction",62.1,62.7,"2018-02-28 19:06:23"
803,23,1,1,"abduction",92.3,94,"2018-02-28 19:06:38"
804,23,1,1,"abduction",120.3,127.4,"2018-02-28 19:06:52"
805,23,1,1,"abduction",61.3,63.1,"2018-02-28 19:07:07"
806,23,1,1,"abduction",90.8,90.1,"2018-02-28 19:07:22"
807,23,1,1,"abduction",119.3,119.5,"2018-02-28 19:07:35"
808,23,1,1,"abduction",60.1,62.2,"2018-02-28 19:07:47"
809,23,1,1,"abduction",88,87.2,"2018-02-28 19:07:58"
810,23,1,1,"abduction",119.2,114.3,"2018-02-28 19:08:10"
811,23,1,1,"abduction",59,63.1,"2018-02-28 19:08:23"
812,23,1,1,"abduction",89.1,89.1,"2018-02-28 19:08:33"
813,23,1,1,"abduction",118.9,113.2,"2018-02-28 19:08:45"
814,23,1,1,"abduction",60.1,55.5,"2018-02-28 19:08:59"
815,23,1,1,"abduction",90.4,87.5,"2018-02-28 19:09:11"
816,23,1,1,"abduction",119.8,122.6,"2018-02-28 19:09:23"
817,23,1,2,"flexion",60.4,59.3,"2018-02-28 19:10:20"
818,23,1,2,"flexion",90.3,84.7,"2018-02-28 19:10:32"
819,23,1,2,"flexion",119.6,117.1,"2018-02-28 19:10:46"
820,23,1,2,"flexion",59.5,65.3,"2018-02-28 19:10:57"
821,23,1,2,"flexion",88,87.3,"2018-02-28 19:11:10"
822,23,1,2,"flexion",119.6,115,"2018-02-28 19:11:23"
823,23,1,2,"flexion",60.2,64.3,"2018-02-28 19:11:34"
824,23,1,2,"flexion",89.8,87.5,"2018-02-28 19:11:47"
825,23,1,2,"flexion",120.1,114.5,"2018-02-28 19:11:58"
826,23,1,2,"flexion",59.7,66.9,"2018-02-28 19:12:08"
827,23,1,2,"flexion",89.9,83.9,"2018-02-28 19:12:21"
828,23,1,2,"flexion",118.5,111.5,"2018-02-28 19:12:33"
829,23,1,2,"flexion",59.6,63.7,"2018-02-28 19:12:44"
830,23,1,2,"flexion",90,86.1,"2018-02-28 19:12:57"
831,23,1,2,"flexion",118.3,116.1,"2018-02-28 19:13:09"
832,24,1,1,"abduction",61.3,65,"2018-02-28 19:51:53"
833,24,1,1,"abduction",90.6,92.4,"2018-02-28 19:52:07"
834,24,1,1,"abduction",122.7,123.5,"2018-02-28 19:52:22"
835,24,1,1,"abduction",61.3,66.9,"2018-02-28 19:52:37"
836,24,1,1,"abduction",89.8,93.5,"2018-02-28 19:52:50"
837,24,1,1,"abduction",119.1,119,"2018-02-28 19:53:03"
838,24,1,1,"abduction",58.7,62.2,"2018-02-28 19:53:15"
839,24,1,1,"abduction",90.7,94.6,"2018-02-28 19:53:28"
840,24,1,1,"abduction",118.3,119.4,"2018-02-28 19:53:43"
841,24,1,1,"abduction",60.7,64.9,"2018-02-28 19:53:55"
842,24,1,1,"abduction",90.6,95.5,"2018-02-28 19:54:11"
843,24,1,1,"abduction",119.4,123.3,"2018-02-28 19:54:25"
844,24,1,1,"abduction",62.2,64.6,"2018-02-28 19:54:37"
845,24,1,1,"abduction",90.1,93.4,"2018-02-28 19:54:51"
846,24,1,1,"abduction",118.4,126.2,"2018-02-28 19:55:08"
847,24,1,2,"flexion",60.8,61.2,"2018-02-28 19:56:12"
848,24,1,2,"flexion",90.5,96.1,"2018-02-28 19:56:25"
849,24,1,2,"flexion",120,115.9,"2018-02-28 19:56:39"
850,24,1,2,"flexion",61.1,58.9,"2018-02-28 19:56:52"
851,24,1,2,"flexion",92,91.7,"2018-02-28 19:57:04"
852,24,1,2,"flexion",119.8,120.8,"2018-02-28 19:57:18"
853,24,1,2,"flexion",62.1,63.2,"2018-02-28 19:57:32"
854,24,1,2,"flexion",92.4,92.7,"2018-02-28 19:57:46"
855,24,1,2,"flexion",118.9,122.5,"2018-02-28 19:58:01"
856,24,1,2,"flexion",61,62.2,"2018-02-28 19:58:13"
857,24,1,2,"flexion",92.9,98,"2018-02-28 19:58:26"
858,24,1,2,"flexion",118.2,118.4,"2018-02-28 19:58:44"
859,24,1,2,"flexion",61.5,60.7,"2018-02-28 19:58:56"
860,24,1,2,"flexion",92.6,91.8,"2018-02-28 19:59:10"
861,24,1,2,"flexion",118.5,120.5,"2018-02-28 19:59:24"
862,25,1,1,"abduction",61.6,60.4,"2018-02-28 20:31:38"
863,25,1,1,"abduction",88.6,81.3,"2018-02-28 20:31:54"
864,25,1,1,"abduction",116.2,112.3,"2018-02-28 20:32:07"
865,25,1,1,"abduction",62.6,64.7,"2018-02-28 20:32:20"
866,25,1,1,"abduction",89.2,83.1,"2018-02-28 20:32:33"
867,25,1,1,"abduction",121.6,113.8,"2018-02-28 20:32:46"
868,25,1,1,"abduction",60.9,66.9,"2018-02-28 20:32:58"
869,25,1,1,"abduction",89,82.2,"2018-02-28 20:33:12"
870,25,1,1,"abduction",122,117.5,"2018-02-28 20:33:27"
871,25,1,1,"abduction",60.8,65.5,"2018-02-28 20:33:42"
872,25,1,1,"abduction",89.7,90.2,"2018-02-28 20:33:57"
873,25,1,1,"abduction",122.7,126,"2018-02-28 20:34:12"
874,25,1,1,"abduction",58.7,59.9,"2018-02-28 20:34:25"
875,25,1,1,"abduction",88.6,79.1,"2018-02-28 20:34:37"
876,25,1,1,"abduction",119,112.6,"2018-02-28 20:34:52"
877,25,1,2,"flexion",120.6,117.3,"2018-02-28 20:37:14"
878,25,1,2,"flexion",62.6,68.3,"2018-02-28 20:37:27"
879,25,1,2,"flexion",89.8,89.5,"2018-02-28 20:38:09"
880,25,1,2,"flexion",120.1,114.9,"2018-02-28 20:38:24"
881,25,1,2,"flexion",62,67.3,"2018-02-28 20:38:40"
882,25,1,2,"flexion",90.4,87.4,"2018-02-28 20:38:53"
883,25,1,2,"flexion",119.9,107,"2018-02-28 20:39:08"
884,25,1,2,"flexion",62.4,67.6,"2018-02-28 20:39:27"
885,25,1,2,"flexion",89.9,90.6,"2018-02-28 20:39:42"
886,25,1,2,"flexion",118.5,116,"2018-02-28 20:39:57"
887,25,1,2,"flexion",64.3,66.3,"2018-02-28 20:40:11"
888,25,1,2,"flexion",90.6,92.7,"2018-02-28 20:40:28"
889,25,1,2,"flexion",121.2,119.5,"2018-02-28 20:40:43"
890,25,1,2,"flexion",60.7,63.7,"2018-02-28 20:41:02"
891,25,1,2,"flexion",90.8,90.2,"2018-02-28 20:41:16"
892,26,1,1,"abduction",60.2,57.4,"2018-03-01 17:09:21"
893,26,1,1,"abduction",90.5,91,"2018-03-01 17:09:35"
894,26,1,1,"abduction",119,119.5,"2018-03-01 17:09:50"
895,26,1,1,"abduction",60.7,71.4,"2018-03-01 17:10:04"
896,26,1,1,"abduction",92.2,93.6,"2018-03-01 17:10:17"
897,26,1,1,"abduction",119.8,120,"2018-03-01 17:10:32"
898,26,1,1,"abduction",61.6,67.5,"2018-03-01 17:10:46"
899,26,1,1,"abduction",90.5,93.5,"2018-03-01 17:10:59"
900,26,1,1,"abduction",122.2,119.6,"2018-03-01 17:11:17"
901,26,1,1,"abduction",58.8,67.1,"2018-03-01 17:11:30"
902,26,1,1,"abduction",92.5,95.1,"2018-03-01 17:11:43"
903,26,1,1,"abduction",122.4,123.2,"2018-03-01 17:11:57"
904,26,1,1,"abduction",59.7,68.9,"2018-03-01 17:12:11"
905,26,1,1,"abduction",90.3,92.4,"2018-03-01 17:12:23"
906,26,1,1,"abduction",121.4,122.3,"2018-03-01 17:12:36"
907,26,1,2,"flexion",61.3,63.6,"2018-03-01 17:13:56"
908,26,1,2,"flexion",90.7,90.5,"2018-03-01 17:14:07"
909,26,1,2,"flexion",119.6,114.1,"2018-03-01 17:14:18"
910,26,1,2,"flexion",61.9,65.4,"2018-03-01 17:14:29"
911,26,1,2,"flexion",91.9,93.1,"2018-03-01 17:14:40"
912,26,1,2,"flexion",120,116.1,"2018-03-01 17:14:52"
913,26,1,2,"flexion",62,67.3,"2018-03-01 17:15:03"
914,26,1,2,"flexion",91.8,89.8,"2018-03-01 17:15:18"
915,26,1,2,"flexion",118.7,115.6,"2018-03-01 17:15:30"
916,26,1,2,"flexion",61.5,63.7,"2018-03-01 17:15:40"
917,26,1,2,"flexion",90.2,89,"2018-03-01 17:15:52"
918,26,1,2,"flexion",120.2,115.8,"2018-03-01 17:16:04"
919,26,1,2,"flexion",60.3,68.5,"2018-03-01 17:16:14"
920,26,1,2,"flexion",91.3,92.7,"2018-03-01 17:16:26"
921,26,1,2,"flexion",119.2,115.7,"2018-03-01 17:16:38"
922,27,1,1,"abduction",60.4,63.4,"2018-03-01 17:53:29"
923,27,1,1,"abduction",92.1,94.2,"2018-03-01 17:53:43"
924,27,1,1,"abduction",119.5,125,"2018-03-01 17:53:58"
925,27,1,1,"abduction",61.3,67.3,"2018-03-01 17:54:11"
926,27,1,1,"abduction",92,88.8,"2018-03-01 17:54:24"
927,27,1,1,"abduction",120.6,130.9,"2018-03-01 17:54:40"
928,27,1,1,"abduction",62.6,70.1,"2018-03-01 17:54:53"
929,27,1,1,"abduction",92.6,94.5,"2018-03-01 17:55:07"
930,27,1,1,"abduction",121.4,130.6,"2018-03-01 17:55:20"
931,27,1,1,"abduction",60.1,73.7,"2018-03-01 17:55:33"
932,27,1,1,"abduction",93.4,102.1,"2018-03-01 17:55:49"
933,27,1,1,"abduction",122.6,125.3,"2018-03-01 17:56:04"
934,27,1,1,"abduction",62.4,75.5,"2018-03-01 17:56:19"
935,27,1,1,"abduction",92.7,98.4,"2018-03-01 17:56:34"
936,27,1,1,"abduction",121.3,122.7,"2018-03-01 17:56:50"
937,27,1,2,"flexion",63.1,77.3,"2018-03-01 17:58:24"
938,27,1,2,"flexion",92.4,97.6,"2018-03-01 17:58:37"
939,27,1,2,"flexion",120.8,120,"2018-03-01 17:58:54"
940,27,1,2,"flexion",62.2,79.7,"2018-03-01 17:59:08"
941,27,1,2,"flexion",91.3,97.2,"2018-03-01 17:59:23"
942,27,1,2,"flexion",120.6,124.4,"2018-03-01 17:59:39"
943,27,1,2,"flexion",61.5,77.6,"2018-03-01 17:59:53"
944,27,1,2,"flexion",93.7,100.2,"2018-03-01 18:00:08"
945,27,1,2,"flexion",119.9,127.6,"2018-03-01 18:00:21"
946,27,1,2,"flexion",63.5,77.1,"2018-03-01 18:00:39"
947,27,1,2,"flexion",91.6,96.2,"2018-03-01 18:00:54"
948,27,1,2,"flexion",120.8,127.5,"2018-03-01 18:01:11"
949,27,1,2,"flexion",62,77.5,"2018-03-01 18:01:28"
950,27,1,2,"flexion",92.2,99.6,"2018-03-01 18:01:44"
951,27,1,2,"flexion",120.5,128.5,"2018-03-01 18:01:58"
952,28,1,1,"abduction",62.5,65.2,"2018-03-01 18:33:00"
953,28,1,1,"abduction",89.1,88.7,"2018-03-01 18:33:23"
954,28,1,1,"abduction",117.2,109.4,"2018-03-01 18:33:50"
955,28,1,1,"abduction",62.8,68.3,"2018-03-01 18:34:17"
956,28,1,1,"abduction",90.7,87.5,"2018-03-01 18:34:42"
957,28,1,1,"abduction",120.5,113.2,"2018-03-01 18:35:04"
958,28,1,1,"abduction",63.1,60.5,"2018-03-01 18:35:25"
959,28,1,1,"abduction",90.3,82.2,"2018-03-01 18:35:47"
960,28,1,1,"abduction",118.9,110.2,"2018-03-01 18:36:11"
961,28,1,1,"abduction",64.1,71.8,"2018-03-01 18:36:35"
962,28,1,1,"abduction",90.4,86,"2018-03-01 18:36:58"
963,28,1,1,"abduction",118.3,113.9,"2018-03-01 18:37:21"
964,28,1,1,"abduction",62.3,75.4,"2018-03-01 18:37:38"
965,28,1,1,"abduction",90.6,88.7,"2018-03-01 18:38:03"
966,28,1,1,"abduction",118.6,120.5,"2018-03-01 18:38:22"
967,28,1,2,"flexion",63.8,70.2,"2018-03-01 18:39:30"
968,28,1,2,"flexion",90.2,88.3,"2018-03-01 18:39:47"
969,28,1,2,"flexion",116.3,106.7,"2018-03-01 18:40:08"
970,28,1,2,"flexion",62.1,56.4,"2018-03-01 18:40:27"
971,28,1,2,"flexion",89.6,85.1,"2018-03-01 18:40:46"
972,28,1,2,"flexion",117,108,"2018-03-01 18:41:07"
973,28,1,2,"flexion",61.3,59,"2018-03-01 18:41:27"
974,28,1,2,"flexion",87.8,96.6,"2018-03-01 18:41:53"
975,28,1,2,"flexion",118.5,116.7,"2018-03-01 18:42:14"
976,28,1,2,"flexion",58.6,63.1,"2018-03-01 18:42:31"
977,28,1,2,"flexion",90.6,91.9,"2018-03-01 18:42:47"
978,28,1,2,"flexion",118.6,111.7,"2018-03-01 18:43:07"
979,28,1,2,"flexion",61.5,62.6,"2018-03-01 18:43:32"
980,28,1,2,"flexion",91.3,94.1,"2018-03-01 18:43:53"
981,28,1,2,"flexion",121.6,112.1,"2018-03-01 18:44:11"
982,29,1,1,"abduction",60.4,54.5,"2018-03-01 19:33:05"
983,29,1,1,"abduction",91.9,97.6,"2018-03-01 19:33:23"
984,29,1,1,"abduction",122.7,121.4,"2018-03-01 19:33:50"
985,29,1,1,"abduction",58.8,60.1,"2018-03-01 19:34:12"
986,29,1,1,"abduction",88.5,88.7,"2018-03-01 19:34:29"
987,29,1,1,"abduction",119.6,134.8,"2018-03-01 19:34:50"
988,29,1,1,"abduction",62.5,57.4,"2018-03-01 19:35:25"
989,29,1,1,"abduction",90.5,90.3,"2018-03-01 19:35:41"
990,29,1,1,"abduction",119.6,119.7,"2018-03-01 19:35:59"
991,29,1,1,"abduction",61.6,61.1,"2018-03-01 19:36:16"
992,29,1,1,"abduction",91.7,90.7,"2018-03-01 19:36:36"
993,29,1,1,"abduction",120.8,128.5,"2018-03-01 19:36:57"
994,29,1,1,"abduction",62.7,60.8,"2018-03-01 19:37:10"
995,29,1,1,"abduction",87.6,83,"2018-03-01 19:37:29"
996,29,1,1,"abduction",119.7,127.1,"2018-03-01 19:37:47"
997,29,1,2,"flexion",63,66.5,"2018-03-01 19:38:51"
998,29,1,2,"flexion",92.2,91.5,"2018-03-01 19:39:08"
999,29,1,2,"flexion",122.9,117.3,"2018-03-01 19:39:22"
1000,29,1,2,"flexion",64.3,62.4,"2018-03-01 19:39:35"
1001,29,1,2,"flexion",90.3,96.3,"2018-03-01 19:39:49"
1002,29,1,2,"flexion",121.8,114.1,"2018-03-01 19:40:12"
1003,29,1,2,"flexion",59.3,55.3,"2018-03-01 19:40:32"
1004,29,1,2,"flexion",90.5,91.5,"2018-03-01 19:40:50"
1005,29,1,2,"flexion",121,118.1,"2018-03-01 19:41:07"
1006,29,1,2,"flexion",62.7,61.7,"2018-03-01 19:41:22"
1007,29,1,2,"flexion",90.2,94.9,"2018-03-01 19:41:39"
1008,29,1,2,"flexion",121.9,125.2,"2018-03-01 19:41:57"
1009,29,1,2,"flexion",64.3,62.8,"2018-03-01 19:42:10"
1010,29,1,2,"flexion",92.7,93.8,"2018-03-01 19:42:26"
1011,29,1,2,"flexion",120.9,114.3,"2018-03-01 19:42:42"
1012,30,1,1,"abduction",59.7,55.1,"2018-03-01 20:16:31"
1013,30,1,1,"abduction",89.5,89,"2018-03-01 20:16:46"
1014,30,1,1,"abduction",122.3,116,"2018-03-01 20:17:05"
1015,30,1,1,"abduction",62.1,62.7,"2018-03-01 20:17:21"
1016,30,1,1,"abduction",93.1,98.2,"2018-03-01 20:17:43"
1017,30,1,1,"abduction",121.1,114.7,"2018-03-01 20:17:59"
1018,30,1,1,"abduction",63.7,70,"2018-03-01 20:18:28"
1019,30,1,1,"abduction",92.2,94.1,"2018-03-01 20:18:43"
1020,30,1,1,"abduction",120.1,118,"2018-03-01 20:19:02"
1021,30,1,1,"abduction",60.6,66.3,"2018-03-01 20:19:18"
1022,30,1,1,"abduction",91.2,94.4,"2018-03-01 20:19:34"
1023,30,1,1,"abduction",121.3,116.5,"2018-03-01 20:19:52"
1024,30,1,1,"abduction",61.8,64.2,"2018-03-01 20:20:07"
1025,30,1,1,"abduction",93,98.8,"2018-03-01 20:20:25"
1026,30,1,1,"abduction",121.6,113.8,"2018-03-01 20:20:43"
1027,30,1,2,"flexion",63.5,67.4,"2018-03-01 20:21:45"
1028,30,1,2,"flexion",91.4,86.5,"2018-03-01 20:22:01"
1029,30,1,2,"flexion",121.5,121.1,"2018-03-01 20:22:18"
1030,30,1,2,"flexion",62.7,68.8,"2018-03-01 20:22:35"
1031,30,1,2,"flexion",92.2,94.7,"2018-03-01 20:22:51"
1032,30,1,2,"flexion",121,125.2,"2018-03-01 20:23:08"
1033,30,1,2,"flexion",62.3,58,"2018-03-01 20:23:23"
1034,30,1,2,"flexion",91.4,90.6,"2018-03-01 20:23:38"
1035,30,1,2,"flexion",120.2,111.7,"2018-03-01 20:23:56"
1036,30,1,2,"flexion",62.4,72.6,"2018-03-01 20:24:11"
1037,30,1,2,"flexion",90.7,89.3,"2018-03-01 20:24:27"
1038,30,1,2,"flexion",119.7,117.9,"2018-03-01 20:24:44"
1039,30,1,2,"flexion",61.2,64.1,"2018-03-01 20:25:01"
1040,30,1,2,"flexion",92.4,94.9,"2018-03-01 20:25:18"
1041,30,1,2,"flexion",120.1,117.6,"2018-03-01 20:25:35"
1042,31,1,1,"abduction",59.9,57.9,"2018-03-02 18:23:45"
1043,31,1,1,"abduction",88.1,92.1,"2018-03-02 18:24:00"
1044,31,1,1,"abduction",118.1,119.4,"2018-03-02 18:24:14"
1045,31,1,1,"abduction",60.7,82.4,"2018-03-02 18:24:26"
1046,31,1,1,"abduction",89,101.4,"2018-03-02 18:24:39"
1047,31,1,1,"abduction",120.1,121.5,"2018-03-02 18:24:52"
1048,31,1,1,"abduction",61.6,87.1,"2018-03-02 18:25:06"
1049,31,1,1,"abduction",90.7,105.2,"2018-03-02 18:25:20"
1050,31,1,1,"abduction",120.3,125.9,"2018-03-02 18:25:33"
1051,31,1,1,"abduction",60.5,65.6,"2018-03-02 18:25:48"
1052,31,1,1,"abduction",90.4,104.6,"2018-03-02 18:26:01"
1053,31,1,1,"abduction",119.8,127.1,"2018-03-02 18:26:24"
1054,31,1,1,"abduction",58,68.2,"2018-03-02 18:26:37"
1055,31,1,1,"abduction",92.1,86.4,"2018-03-02 18:26:54"
1056,31,1,1,"abduction",119.1,121.5,"2018-03-02 18:27:08"
1057,31,1,2,"flexion",62.6,69.9,"2018-03-02 18:29:54"
1058,31,1,2,"flexion",91.5,81.6,"2018-03-02 18:30:08"
1059,31,1,2,"flexion",120.1,119,"2018-03-02 18:30:23"
1060,31,1,2,"flexion",61.3,73.6,"2018-03-02 18:30:43"
1061,31,1,2,"flexion",90.9,81.5,"2018-03-02 18:30:57"
1062,31,1,2,"flexion",120,116.8,"2018-03-02 18:31:12"
1063,31,1,2,"flexion",62,79,"2018-03-02 18:31:25"
1064,31,1,2,"flexion",90.9,97.3,"2018-03-02 18:31:38"
1065,31,1,2,"flexion",120.3,114.1,"2018-03-02 18:31:51"
1066,31,1,2,"flexion",62.1,77.3,"2018-03-02 18:32:04"
1067,31,1,2,"flexion",92,93.1,"2018-03-02 18:32:16"
1068,31,1,2,"flexion",119.7,116.1,"2018-03-02 18:32:31"
1069,31,1,2,"flexion",64.1,82.7,"2018-03-02 18:32:44"
1070,31,1,2,"flexion",91.1,96.9,"2018-03-02 18:32:57"
1071,31,1,2,"flexion",118.8,115.3,"2018-03-02 18:33:10"
1072,32,1,1,"abduction",60.3,58.5,"2018-03-02 19:04:12"
1075,32,1,1,"abduction",89.6,87.8,"2018-03-02 19:04:53"
1076,32,1,1,"abduction",116.2,119.3,"2018-03-02 19:05:27"
1077,32,1,1,"abduction",60.7,63.7,"2018-03-02 19:05:42"
1078,32,1,1,"abduction",89.2,97.4,"2018-03-02 19:05:59"
1079,32,1,1,"abduction",111.9,123.2,"2018-03-02 19:06:14"
1080,32,1,1,"abduction",58.4,61.4,"2018-03-02 19:06:25"
1081,32,1,1,"abduction",78.7,91.7,"2018-03-02 19:06:38"
1082,32,1,1,"abduction",120.2,135.3,"2018-03-02 19:06:51"
1083,32,1,1,"abduction",58.9,74.7,"2018-03-02 19:07:03"
1084,32,1,1,"abduction",88.7,86.2,"2018-03-02 19:07:15"
1085,32,1,1,"abduction",119.3,132.8,"2018-03-02 19:07:25"
1086,32,1,1,"abduction",56.2,60.8,"2018-03-02 19:07:38"
1087,32,1,1,"abduction",88.6,95.2,"2018-03-02 19:07:49"
1088,32,1,1,"abduction",121.8,133.1,"2018-03-02 19:08:12"
1089,32,1,2,"flexion",60.6,77.2,"2018-03-02 19:09:24"
1090,32,1,2,"flexion",88,109.2,"2018-03-02 19:09:37"
1091,32,1,2,"flexion",118.1,120.9,"2018-03-02 19:09:47"
1092,32,1,2,"flexion",55.3,80.7,"2018-03-02 19:09:56"
1093,32,1,2,"flexion",86.5,105.7,"2018-03-02 19:10:06"
1094,32,1,2,"flexion",117.5,119.4,"2018-03-02 19:10:17"
1095,32,1,2,"flexion",64.8,99.2,"2018-03-02 19:10:41"
1096,32,1,2,"flexion",85.3,107.8,"2018-03-02 19:10:52"
1097,32,1,2,"flexion",120.4,132.7,"2018-03-02 19:11:03"
1098,32,1,2,"flexion",46.7,91.2,"2018-03-02 19:11:17"
1099,32,1,2,"flexion",86.5,104.9,"2018-03-02 19:11:28"
1100,32,1,2,"flexion",120.7,126.5,"2018-03-02 19:11:41"
1101,32,1,2,"flexion",56.9,70.7,"2018-03-02 19:11:50"
1102,32,1,2,"flexion",89.3,107.4,"2018-03-02 19:12:04"
1103,32,1,2,"flexion",120.6,114.2,"2018-03-02 19:12:17"
1104,33,1,1,"abduction",59.8,56.3,"2018-03-02 19:51:50"
1105,33,1,1,"abduction",89.4,74.1,"2018-03-02 19:52:02"
1106,33,1,1,"abduction",121.3,123.6,"2018-03-02 19:52:22"
1151,34,1,2,"flexion",123,120.6,"2018-03-02 20:37:09"
1152,34,1,2,"flexion",62.2,60.9,"2018-03-02 20:37:22"
1153,34,1,2,"flexion",91.4,91,"2018-03-02 20:37:36"
1154,34,1,2,"flexion",122.7,123.1,"2018-03-02 20:37:51"
1155,34,1,2,"flexion",63.4,64.4,"2018-03-02 20:38:10"
1156,34,1,2,"flexion",91.5,95.1,"2018-03-02 20:38:24"
1157,34,1,2,"flexion",119.4,119.1,"2018-03-02 20:38:40"
1158,34,1,2,"flexion",90.5,93,"2018-03-02 20:39:08"
1159,34,1,2,"flexion",120.2,118.4,"2018-03-02 20:39:23"
1160,34,1,2,"flexion",62.3,59.6,"2018-03-02 20:39:39"
1161,34,1,2,"flexion",89.2,93.2,"2018-03-02 20:39:57"
1162,34,1,2,"flexion",122.1,124.7,"2018-03-02 20:40:13"
1163,34,1,2,"flexion",60.5,63,"2018-03-02 20:40:34"
1164,35,1,1,"abduction",60.1,61,"2018-03-03 15:39:41"
1165,35,1,1,"abduction",90.9,94.2,"2018-03-03 15:39:57"
1166,35,1,1,"abduction",117.7,115.9,"2018-03-03 15:40:14"
1167,35,1,1,"abduction",60.1,72.7,"2018-03-03 15:40:31"
1168,35,1,1,"abduction",88.9,96.7,"2018-03-03 15:40:49"
1169,35,1,1,"abduction",120,120.2,"2018-03-03 15:41:06"
1170,35,1,1,"abduction",61.3,63.7,"2018-03-03 15:41:26"
1171,35,1,1,"abduction",91.9,94.8,"2018-03-03 15:41:44"
1172,35,1,1,"abduction",119.7,120.8,"2018-03-03 15:42:01"
1173,35,1,1,"abduction",60,73.4,"2018-03-03 15:42:19"
1174,35,1,1,"abduction",92.2,95.7,"2018-03-03 15:42:34"
1175,35,1,1,"abduction",118.8,116,"2018-03-03 15:42:50"
1176,35,1,1,"abduction",60.7,73.1,"2018-03-03 15:43:05"
1177,35,1,1,"abduction",87.6,92.8,"2018-03-03 15:43:21"
1178,35,1,1,"abduction",120.5,123.8,"2018-03-03 15:43:36"
1179,35,1,2,"flexion",59.4,69.6,"2018-03-03 15:44:30"
1180,35,1,2,"flexion",89.7,98.4,"2018-03-03 15:44:44"
1181,35,1,2,"flexion",120,117.2,"2018-03-03 15:45:03"
1182,35,1,2,"flexion",61.8,76.4,"2018-03-03 15:45:19"
1183,35,1,2,"flexion",89.3,97.2,"2018-03-03 15:45:35"
1184,35,1,2,"flexion",116.8,120,"2018-03-03 15:45:55"
1185,35,1,2,"flexion",57.1,76.7,"2018-03-03 15:46:17"
1186,35,1,2,"flexion",89.8,98.8,"2018-03-03 15:46:36"
1187,35,1,2,"flexion",119.2,121.7,"2018-03-03 15:46:55"
1188,35,1,2,"flexion",59.3,82.6,"2018-03-03 15:47:14"
1189,35,1,2,"flexion",87.3,99,"2018-03-03 15:47:32"
1190,35,1,2,"flexion",119.8,130.9,"2018-03-03 15:47:50"
1191,35,1,2,"flexion",57.6,85,"2018-03-03 15:48:10"
1192,35,1,2,"flexion",85.9,94.6,"2018-03-03 15:48:30"
1193,35,1,2,"flexion",117.2,124.3,"2018-03-03 15:48:51"
1194,36,1,1,"abduction",61.8,58.5,"2018-03-03 16:19:58"
1195,36,1,1,"abduction",92.6,90.1,"2018-03-03 16:20:17"
1196,36,1,1,"abduction",122.1,122,"2018-03-03 16:20:38"
1197,36,1,1,"abduction",62.6,73.8,"2018-03-03 16:20:57"
1198,36,1,1,"abduction",90.7,89.5,"2018-03-03 16:21:18"
1199,36,1,1,"abduction",122.6,126.8,"2018-03-03 16:21:37"
1200,36,1,1,"abduction",63.2,64.9,"2018-03-03 16:21:54"
1201,36,1,1,"abduction",92,98.6,"2018-03-03 16:22:14"
1202,36,1,1,"abduction",122,125.4,"2018-03-03 16:22:35"
1203,36,1,1,"abduction",61.4,64.6,"2018-03-03 16:22:54"
1204,36,1,1,"abduction",92.1,93.5,"2018-03-03 16:23:12"
1205,36,1,1,"abduction",122.7,123,"2018-03-03 16:23:31"
1206,36,1,1,"abduction",62.8,66.8,"2018-03-03 16:23:49"
1207,36,1,1,"abduction",91.4,98.7,"2018-03-03 16:24:07"
1208,36,1,1,"abduction",122.1,118.3,"2018-03-03 16:24:27"
1209,36,1,2,"flexion",61.5,65.3,"2018-03-03 16:25:42"
1210,36,1,2,"flexion",92,88.9,"2018-03-03 16:26:02"
1211,36,1,2,"flexion",121,124.8,"2018-03-03 16:26:45"
1212,36,1,2,"flexion",60.1,69.7,"2018-03-03 16:27:04"
1213,36,1,2,"flexion",92.4,90.1,"2018-03-03 16:27:20"
1214,36,1,2,"flexion",122.3,117.4,"2018-03-03 16:27:39"
1215,36,1,2,"flexion",63.8,68.6,"2018-03-03 16:27:53"
1216,36,1,2,"flexion",92,95.3,"2018-03-03 16:28:09"
1217,36,1,2,"flexion",121.5,129.3,"2018-03-03 16:28:28"
1218,36,1,2,"flexion",63.7,70,"2018-03-03 16:28:44"
1219,36,1,2,"flexion",93.4,94,"2018-03-03 16:29:00"
1220,36,1,2,"flexion",119.7,112.5,"2018-03-03 16:29:17"
1221,36,1,2,"flexion",63,71,"2018-03-03 16:29:33"
1222,36,1,2,"flexion",92.1,88.9,"2018-03-03 16:29:49"
1223,36,1,2,"flexion",120.7,123.3,"2018-03-03 16:30:08"
1224,37,1,1,"abduction",63.2,67.2,"2018-03-03 17:05:14"
1225,37,1,1,"abduction",89.9,93,"2018-03-03 17:05:30"
1226,37,1,1,"abduction",118.3,119.1,"2018-03-03 17:05:47"
1227,37,1,1,"abduction",60.5,64.7,"2018-03-03 17:06:01"
1228,37,1,1,"abduction",89.5,91.6,"2018-03-03 17:06:15"
1229,37,1,1,"abduction",119.6,122.1,"2018-03-03 17:06:30"
1230,37,1,1,"abduction",62.5,77,"2018-03-03 17:06:42"
1231,37,1,1,"abduction",90.7,89.2,"2018-03-03 17:06:56"
1232,37,1,1,"abduction",119.1,117.6,"2018-03-03 17:07:10"
1233,37,1,1,"abduction",59.9,64,"2018-03-03 17:07:23"
1234,37,1,1,"abduction",87.6,85.6,"2018-03-03 17:07:35"
1235,37,1,1,"abduction",121.6,119.9,"2018-03-03 17:07:49"
1236,37,1,1,"abduction",60.2,74.2,"2018-03-03 17:08:01"
1237,37,1,1,"abduction",90.1,89.9,"2018-03-03 17:08:13"
1238,37,1,1,"abduction",119.3,119.7,"2018-03-03 17:08:26"
1239,37,1,2,"flexion",62.3,71.9,"2018-03-03 17:09:55"
1240,37,1,2,"flexion",92.4,89.3,"2018-03-03 17:10:08"
1241,37,1,2,"flexion",120.5,109,"2018-03-03 17:10:22"
1242,37,1,2,"flexion",63.1,73.5,"2018-03-03 17:10:33"
1243,37,1,2,"flexion",89.1,84.1,"2018-03-03 17:10:45"
1244,37,1,2,"flexion",118,115.3,"2018-03-03 17:10:59"
1245,37,1,2,"flexion",62.4,73.1,"2018-03-03 17:11:13"
1246,37,1,2,"flexion",92.1,89,"2018-03-03 17:11:28"
1247,37,1,2,"flexion",116.1,109.4,"2018-03-03 17:11:42"
1248,37,1,2,"flexion",64.5,73.2,"2018-03-03 17:11:54"
1249,37,1,2,"flexion",90.4,83.3,"2018-03-03 17:12:09"
1250,37,1,2,"flexion",118.7,123.7,"2018-03-03 17:12:23"
1251,37,1,2,"flexion",61.4,66.8,"2018-03-03 17:12:37"
1252,37,1,2,"flexion",91.1,80.2,"2018-03-03 17:12:49"
1253,37,1,2,"flexion",117.8,119.8,"2018-03-03 17:13:04"
1254,38,1,1,"abduction",65.6,60.8,"2018-03-03 18:23:05"
1255,38,1,1,"abduction",93.5,91.4,"2018-03-03 18:23:17"
1256,38,1,1,"abduction",119.6,117.7,"2018-03-03 18:23:39"
1257,38,1,1,"abduction",66,59,"2018-03-03 18:23:51"
1258,38,1,1,"abduction",91.7,85.4,"2018-03-03 18:24:05"
1259,38,1,1,"abduction",119.7,120.7,"2018-03-03 18:24:18"
1260,38,1,1,"abduction",62.2,52.7,"2018-03-03 18:24:32"
1261,38,1,1,"abduction",91.9,85.4,"2018-03-03 18:24:45"
1262,38,1,1,"abduction",121.6,116.1,"2018-03-03 18:24:59"
1263,38,1,1,"abduction",64.9,54.4,"2018-03-03 18:25:12"
1264,38,1,1,"abduction",93.9,91.1,"2018-03-03 18:25:26"
1265,38,1,1,"abduction",116.8,117.6,"2018-03-03 18:25:40"
1266,38,1,1,"abduction",59.4,53.6,"2018-03-03 18:25:52"
1267,38,1,1,"abduction",87.8,83.3,"2018-03-03 18:26:04"
1268,38,1,1,"abduction",120.7,121.2,"2018-03-03 18:26:18"
1269,38,1,2,"flexion",64.1,65.3,"2018-03-03 18:28:50"
1270,38,1,2,"flexion",96.3,95.6,"2018-03-03 18:29:04"
1271,38,1,2,"flexion",121.5,119,"2018-03-03 18:29:18"
1272,38,1,2,"flexion",68.7,66.5,"2018-03-03 18:29:31"
1273,38,1,2,"flexion",95.6,94.7,"2018-03-03 18:29:44"
1274,38,1,2,"flexion",120,118.4,"2018-03-03 18:29:57"
1275,38,1,2,"flexion",59.9,55.3,"2018-03-03 18:30:11"
1276,38,1,2,"flexion",90.5,92.2,"2018-03-03 18:30:24"
1277,38,1,2,"flexion",118.2,116.4,"2018-03-03 18:30:38"
1278,38,1,2,"flexion",65,68.4,"2018-03-03 18:30:53"
1279,38,1,2,"flexion",91.9,86.5,"2018-03-03 18:31:06"
1280,38,1,2,"flexion",120.6,124.6,"2018-03-03 18:31:22"
1281,38,1,2,"flexion",60.2,57.2,"2018-03-03 18:31:34"
1282,38,1,2,"flexion",91.4,91.9,"2018-03-03 18:31:47"
1283,38,1,2,"flexion",119.4,120.4,"2018-03-03 18:32:01"
1284,39,1,1,"abduction",60.6,63.3,"2018-03-03 18:58:34"
1285,39,1,1,"abduction",90,81.8,"2018-03-03 18:58:46"
1286,39,1,1,"abduction",122.6,122.6,"2018-03-03 18:58:57"
1287,39,1,1,"abduction",60.7,60.4,"2018-03-03 18:59:08"
1288,39,1,1,"abduction",88.7,87.6,"2018-03-03 18:59:20"
1289,39,1,1,"abduction",121.1,112.9,"2018-03-03 18:59:31"
1290,39,1,1,"abduction",61.9,66.4,"2018-03-03 18:59:40"
1291,39,1,1,"abduction",90.9,90.7,"2018-03-03 18:59:51"
1292,39,1,1,"abduction",120.4,113.2,"2018-03-03 19:00:02"
1293,39,1,1,"abduction",60.9,70.4,"2018-03-03 19:00:15"
1294,39,1,1,"abduction",91,85.6,"2018-03-03 19:00:25"
1295,39,1,1,"abduction",118,114.6,"2018-03-03 19:00:36"
1296,39,1,1,"abduction",60.4,65.4,"2018-03-03 19:00:47"
1297,39,1,1,"abduction",90.1,78.9,"2018-03-03 19:00:56"
1298,39,1,1,"abduction",124.7,123.5,"2018-03-03 19:01:07"
1299,39,1,2,"flexion",61.3,65.4,"2018-03-03 19:02:21"
1300,39,1,2,"flexion",90.8,89,"2018-03-03 19:02:31"
1301,39,1,2,"flexion",121,116.5,"2018-03-03 19:02:44"
1302,39,1,2,"flexion",62.6,69.6,"2018-03-03 19:02:55"
1303,39,1,2,"flexion",93,93.6,"2018-03-03 19:03:07"
1304,39,1,2,"flexion",119.9,114.9,"2018-03-03 19:03:18"
1305,39,1,2,"flexion",62.3,68.4,"2018-03-03 19:03:29"
1306,39,1,2,"flexion",90.2,92.2,"2018-03-03 19:04:22"
1307,39,1,2,"flexion",120.7,122.2,"2018-03-03 19:04:33"
1308,39,1,2,"flexion",61,66.5,"2018-03-03 19:04:44"
1309,39,1,2,"flexion",90.8,92,"2018-03-03 19:04:55"
1310,39,1,2,"flexion",120.7,121.8,"2018-03-03 19:05:33"
1311,39,1,2,"flexion",60.8,69.8,"2018-03-03 19:05:44"
1312,39,1,2,"flexion",90.5,92.7,"2018-03-03 19:05:58"
1313,39,1,2,"flexion",119.1,120.3,"2018-03-03 19:06:09"
1314,40,1,1,"abduction",61.8,59.7,"2018-03-04 11:39:24"
1315,40,1,1,"abduction",89.4,87.8,"2018-03-04 11:39:45"
1316,40,1,1,"abduction",117.6,113.5,"2018-03-04 11:40:09"
1317,40,1,1,"abduction",66.2,65.7,"2018-03-04 11:40:27"
1318,40,1,1,"abduction",88.8,86,"2018-03-04 11:40:46"
1319,40,1,1,"abduction",118.8,118.3,"2018-03-04 11:41:10"
1320,40,1,1,"abduction",59,60.2,"2018-03-04 11:41:29"
1321,40,1,1,"abduction",88,85.5,"2018-03-04 11:41:47"
1322,40,1,1,"abduction",116.8,109.1,"2018-03-04 11:42:07"
1323,40,1,1,"abduction",64.5,64.5,"2018-03-04 11:42:23"
1324,40,1,1,"abduction",85.7,86.4,"2018-03-04 11:42:39"
1325,40,1,1,"abduction",117.5,122.9,"2018-03-04 11:43:00"
1326,40,1,1,"abduction",62.2,57,"2018-03-04 11:43:16"
1371,41,1,2,"flexion",59.2,65.6,"2018-03-04 12:30:49"
1372,41,1,2,"flexion",93.4,94.6,"2018-03-04 12:30:58"
1373,41,1,2,"flexion",120.6,116.6,"2018-03-04 12:31:10"
1374,42,1,1,"abduction",60.7,59.3,"2018-03-04 13:05:01"
1375,42,1,1,"abduction",88.4,92.1,"2018-03-04 13:05:13"
1376,42,1,1,"abduction",115.6,116.6,"2018-03-04 13:05:27"
1377,42,1,1,"abduction",58.9,69.2,"2018-03-04 13:05:40"
1378,42,1,1,"abduction",90,90.1,"2018-03-04 13:05:52"
1379,42,1,1,"abduction",116.5,118.5,"2018-03-04 13:06:06"
1380,42,1,1,"abduction",61.6,79.9,"2018-03-04 13:06:19"
1381,42,1,1,"abduction",90.6,94.1,"2018-03-04 13:06:33"
1382,42,1,1,"abduction",117.3,119.1,"2018-03-04 13:06:46"
1383,42,1,1,"abduction",61.3,73.6,"2018-03-04 13:06:58"
1384,42,1,1,"abduction",90.5,89.9,"2018-03-04 13:07:12"
1385,42,1,1,"abduction",116.5,119.3,"2018-03-04 13:07:25"
1386,42,1,1,"abduction",58.8,65.6,"2018-03-04 13:07:39"
1387,42,1,1,"abduction",90.1,84.7,"2018-03-04 13:07:52"
1388,42,1,1,"abduction",119,119,"2018-03-04 13:08:07"
1389,42,1,2,"flexion",64.4,61.6,"2018-03-04 13:09:07"
1390,42,1,2,"flexion",90.4,87.1,"2018-03-04 13:09:18"
1391,42,1,2,"flexion",117,110.6,"2018-03-04 13:09:31"
1392,42,1,2,"flexion",64.5,70.9,"2018-03-04 13:09:44"
1393,42,1,2,"flexion",90.3,87.1,"2018-03-04 13:09:59"
1394,42,1,2,"flexion",112.7,107.1,"2018-03-04 13:10:13"
1395,42,1,2,"flexion",61,66.8,"2018-03-04 13:10:26"
1396,42,1,2,"flexion",92,91.5,"2018-03-04 13:10:39"
1397,42,1,2,"flexion",119.9,121.9,"2018-03-04 13:10:53"
1398,42,1,2,"flexion",60.7,63,"2018-03-04 13:11:16"
1399,42,1,2,"flexion",91.2,85.8,"2018-03-04 13:11:28"
1400,42,1,2,"flexion",114,105.1,"2018-03-04 13:11:42"
1401,42,1,2,"flexion",61.6,64.4,"2018-03-04 13:11:54"
1402,42,1,2,"flexion",90.7,85.5,"2018-03-04 13:12:06"
1403,42,1,2,"flexion",118.9,113.7,"2018-03-04 13:12:22"
1404,43,1,1,"abduction",61.3,61.6,"2018-03-04 13:45:25"
1405,43,1,1,"abduction",89.8,91.1,"2018-03-04 13:45:37"
1406,43,1,1,"abduction",121.4,120.8,"2018-03-04 13:45:50"
1407,43,1,1,"abduction",59,61.3,"2018-03-04 13:46:02"
1408,43,1,1,"abduction",92.5,94.3,"2018-03-04 13:46:13"
1409,43,1,1,"abduction",122.6,127,"2018-03-04 13:46:25"
1410,43,1,1,"abduction",57.7,62.8,"2018-03-04 13:46:36"
1411,43,1,1,"abduction",89.8,101,"2018-03-04 13:46:47"
1412,43,1,1,"abduction",121.7,119.7,"2018-03-04 13:46:59"
1413,43,1,1,"abduction",59.6,60.5,"2018-03-04 13:47:10"
1414,43,1,1,"abduction",92.6,94.3,"2018-03-04 13:47:22"
1107,33,1,1,"abduction",58.5,55.1,"2018-03-02 19:52:36"
1108,33,1,1,"abduction",90.3,101.9,"2018-03-02 19:52:54"
1109,33,1,1,"abduction",118.5,122.7,"2018-03-02 19:53:18"
1110,33,1,1,"abduction",62.7,58.2,"2018-03-02 19:53:33"
1111,33,1,1,"abduction",90.1,95.4,"2018-03-02 19:53:46"
1112,33,1,1,"abduction",120.7,120.2,"2018-03-02 19:54:01"
1113,33,1,1,"abduction",60.2,77.8,"2018-03-02 19:54:14"
1114,33,1,1,"abduction",88.8,84.3,"2018-03-02 19:54:28"
1115,33,1,1,"abduction",120.6,119.9,"2018-03-02 19:54:41"
1116,33,1,1,"abduction",62.1,65.2,"2018-03-02 19:55:00"
1117,33,1,1,"abduction",90,95.2,"2018-03-02 19:55:13"
1118,33,1,1,"abduction",117.7,112.4,"2018-03-02 19:55:26"
1119,33,1,2,"flexion",61.6,56.1,"2018-03-02 19:58:01"
1120,33,1,2,"flexion",88.7,90.1,"2018-03-02 19:58:18"
1121,33,1,2,"flexion",117.7,112.8,"2018-03-02 19:59:13"
1122,33,1,2,"flexion",60.4,78.5,"2018-03-02 19:59:26"
1123,33,1,2,"flexion",89.8,87.8,"2018-03-02 19:59:36"
1124,33,1,2,"flexion",119.9,122.4,"2018-03-02 19:59:52"
1125,33,1,2,"flexion",61.2,64.6,"2018-03-02 20:00:05"
1126,33,1,2,"flexion",90.9,94.1,"2018-03-02 20:00:17"
1127,33,1,2,"flexion",120.4,107.8,"2018-03-02 20:00:32"
1128,33,1,2,"flexion",63.6,71.9,"2018-03-02 20:00:43"
1129,33,1,2,"flexion",92,93.6,"2018-03-02 20:00:57"
1130,33,1,2,"flexion",118.1,117.5,"2018-03-02 20:01:08"
1131,33,1,2,"flexion",62.4,69,"2018-03-02 20:01:18"
1132,33,1,2,"flexion",90.5,91.9,"2018-03-02 20:01:29"
1133,33,1,2,"flexion",121.4,114.7,"2018-03-02 20:01:42"
1134,34,1,1,"abduction",61.9,65.6,"2018-03-02 20:31:52"
1135,34,1,1,"abduction",92,96.3,"2018-03-02 20:32:20"
1136,34,1,1,"abduction",125.9,127.9,"2018-03-02 20:32:36"
1137,34,1,1,"abduction",61.6,62.5,"2018-03-02 20:32:53"
1138,34,1,1,"abduction",92.1,94.6,"2018-03-02 20:33:06"
1139,34,1,1,"abduction",119.3,122,"2018-03-02 20:33:23"
1140,34,1,1,"abduction",62.2,61.6,"2018-03-02 20:33:36"
1141,34,1,1,"abduction",90.9,89.1,"2018-03-02 20:33:51"
1142,34,1,1,"abduction",120.5,117.3,"2018-03-02 20:34:07"
1143,34,1,1,"abduction",63.6,60.8,"2018-03-02 20:34:20"
1144,34,1,1,"abduction",89.6,98.5,"2018-03-02 20:34:35"
1145,34,1,1,"abduction",119.7,120.1,"2018-03-02 20:34:50"
1146,34,1,1,"abduction",60.6,58.5,"2018-03-02 20:35:07"
1147,34,1,1,"abduction",93.4,91.8,"2018-03-02 20:35:22"
1148,34,1,1,"abduction",121.4,119.7,"2018-03-02 20:35:38"
1149,34,1,2,"flexion",60.3,62.3,"2018-03-02 20:36:39"
1150,34,1,2,"flexion",89.5,93.8,"2018-03-02 20:36:55"
1327,40,1,1,"abduction",87.3,87.3,"2018-03-04 11:43:33"
1328,40,1,1,"abduction",118.4,115.4,"2018-03-04 11:43:48"
1329,40,1,2,"flexion",63.1,66,"2018-03-04 11:46:42"
1330,40,1,2,"flexion",89.4,87.2,"2018-03-04 11:46:56"
1331,40,1,2,"flexion",118.5,112.4,"2018-03-04 11:47:16"
1332,40,1,2,"flexion",63.1,67.3,"2018-03-04 11:47:32"
1333,40,1,2,"flexion",90,92,"2018-03-04 11:47:52"
1334,40,1,2,"flexion",120,116.2,"2018-03-04 11:48:10"
1335,40,1,2,"flexion",58.8,64,"2018-03-04 11:48:27"
1336,40,1,2,"flexion",90.3,97.9,"2018-03-04 11:48:44"
1337,40,1,2,"flexion",120,117.7,"2018-03-04 11:49:16"
1338,40,1,2,"flexion",66.3,71.3,"2018-03-04 11:49:30"
1339,40,1,2,"flexion",91.7,89.9,"2018-03-04 11:49:47"
1340,40,1,2,"flexion",119.6,114.6,"2018-03-04 11:50:04"
1341,40,1,2,"flexion",60.5,62.4,"2018-03-04 11:50:19"
1342,40,1,2,"flexion",89,88.9,"2018-03-04 11:50:33"
1343,40,1,2,"flexion",121.7,122.8,"2018-03-04 11:50:48"
1344,41,1,1,"abduction",60.9,74.3,"2018-03-04 12:24:21"
1345,41,1,1,"abduction",91.3,97.5,"2018-03-04 12:24:32"
1346,41,1,1,"abduction",123.2,127.4,"2018-03-04 12:24:46"
1347,41,1,1,"abduction",58,63.9,"2018-03-04 12:24:56"
1348,41,1,1,"abduction",90.6,95.9,"2018-03-04 12:25:06"
1349,41,1,1,"abduction",120.2,125.4,"2018-03-04 12:25:18"
1350,41,1,1,"abduction",59.5,61.8,"2018-03-04 12:25:30"
1351,41,1,1,"abduction",86.1,85.5,"2018-03-04 12:25:40"
1352,41,1,1,"abduction",121.9,119.6,"2018-03-04 12:25:53"
1353,41,1,1,"abduction",61.1,68.8,"2018-03-04 12:26:11"
1354,41,1,1,"abduction",89.7,94.8,"2018-03-04 12:26:23"
1355,41,1,1,"abduction",121.2,122.9,"2018-03-04 12:26:34"
1356,41,1,1,"abduction",62.5,64.3,"2018-03-04 12:26:45"
1357,41,1,1,"abduction",91.6,95.2,"2018-03-04 12:26:56"
1358,41,1,1,"abduction",118.7,117.4,"2018-03-04 12:27:08"
1359,41,1,2,"flexion",60.9,61.5,"2018-03-04 12:28:19"
1360,41,1,2,"flexion",91,100,"2018-03-04 12:28:49"
1361,41,1,2,"flexion",120.2,116.3,"2018-03-04 12:29:01"
1362,41,1,2,"flexion",60.6,68.9,"2018-03-04 12:29:12"
1363,41,1,2,"flexion",92.6,95.1,"2018-03-04 12:29:22"
1364,41,1,2,"flexion",119,115.4,"2018-03-04 12:29:35"
1365,41,1,2,"flexion",59.6,62.9,"2018-03-04 12:29:46"
1366,41,1,2,"flexion",94.6,95.2,"2018-03-04 12:29:56"
1367,41,1,2,"flexion",121.9,119,"2018-03-04 12:30:07"
1368,41,1,2,"flexion",61.2,65.8,"2018-03-04 12:30:18"
1369,41,1,2,"flexion",90.9,95.9,"2018-03-04 12:30:28"
1370,41,1,2,"flexion",119.6,114.3,"2018-03-04 12:30:39"
1503,46,1,1,"abduction",63.3,63.1,"2018-03-04 16:58:54"
1504,46,1,1,"abduction",93.2,100.5,"2018-03-04 16:59:06"
1505,46,1,1,"abduction",121.8,124.8,"2018-03-04 16:59:21"
1506,46,1,1,"abduction",61,56.3,"2018-03-04 16:59:34"
1507,46,1,1,"abduction",92.4,93.9,"2018-03-04 16:59:46"
1508,46,1,1,"abduction",121,126,"2018-03-04 16:59:58"
1509,46,1,2,"flexion",63.8,62.2,"2018-03-04 17:01:01"
1510,46,1,2,"flexion",94.3,98.6,"2018-03-04 17:01:13"
1511,46,1,2,"flexion",124.9,127.2,"2018-03-04 17:01:26"
1512,46,1,2,"flexion",63,64.1,"2018-03-04 17:01:39"
1513,46,1,2,"flexion",93.5,100.4,"2018-03-04 17:01:53"
1514,46,1,2,"flexion",121.7,121.9,"2018-03-04 17:02:05"
1515,46,1,2,"flexion",62.7,70.1,"2018-03-04 17:02:17"
1516,46,1,2,"flexion",95.2,99.5,"2018-03-04 17:02:31"
1517,46,1,2,"flexion",121.1,126.4,"2018-03-04 17:02:44"
1518,46,1,2,"flexion",60.7,65.1,"2018-03-04 17:02:55"
1519,46,1,2,"flexion",93.8,96.2,"2018-03-04 17:03:09"
1520,46,1,2,"flexion",119.9,122.5,"2018-03-04 17:03:23"
1521,46,1,2,"flexion",61.9,67.4,"2018-03-04 17:03:36"
1522,46,1,2,"flexion",91.2,93.6,"2018-03-04 17:04:07"
1523,46,1,2,"flexion",122.4,127,"2018-03-04 17:04:20"
1524,47,1,1,"abduction",60.5,61.6,"2018-03-04 17:44:54"
1525,47,1,1,"abduction",90.9,96.9,"2018-03-04 17:45:10"
1526,47,1,1,"abduction",118.9,118.6,"2018-03-04 17:45:25"
1527,47,1,1,"abduction",61.8,65.7,"2018-03-04 17:45:39"
1528,47,1,1,"abduction",90.6,92.9,"2018-03-04 17:45:51"
1529,47,1,1,"abduction",120,122.4,"2018-03-04 17:46:04"
1530,47,1,1,"abduction",61.3,61.9,"2018-03-04 17:46:16"
1531,47,1,1,"abduction",89.2,89.4,"2018-03-04 17:46:28"
1532,47,1,1,"abduction",120.1,119.4,"2018-03-04 17:46:42"
1533,47,1,1,"abduction",61,69,"2018-03-04 17:46:54"
1534,47,1,1,"abduction",89.5,89.5,"2018-03-04 17:47:05"
1535,47,1,1,"abduction",121.5,121.3,"2018-03-04 17:47:18"
1536,47,1,1,"abduction",62.1,69.5,"2018-03-04 17:47:29"
1537,47,1,1,"abduction",91.9,97.2,"2018-03-04 17:47:41"
1538,47,1,1,"abduction",120.1,127,"2018-03-04 17:47:52"
1539,47,1,2,"flexion",61.2,67.8,"2018-03-04 17:48:57"
1540,47,1,2,"flexion",92.6,95.2,"2018-03-04 17:49:08"
1541,47,1,2,"flexion",119.8,118.3,"2018-03-04 17:49:21"
1542,47,1,2,"flexion",61.3,72.5,"2018-03-04 17:49:33"
1543,47,1,2,"flexion",90.4,93.6,"2018-03-04 17:49:44"
1544,47,1,2,"flexion",118.7,117.4,"2018-03-04 17:49:58"
1545,47,1,2,"flexion",62.1,75.3,"2018-03-04 17:50:09"
1546,47,1,2,"flexion",90,96.8,"2018-03-04 17:50:21"
1591,49,1,1,"abduction",89.4,90.7,"2018-03-04 19:06:07"
1592,49,1,1,"abduction",123.2,123.9,"2018-03-04 19:06:16"
1593,49,1,1,"abduction",59.9,65,"2018-03-04 19:06:25"
1594,49,1,1,"abduction",90.3,90.4,"2018-03-04 19:06:34"
1595,49,1,1,"abduction",124.4,122.6,"2018-03-04 19:06:43"
1596,49,1,1,"abduction",60.4,65.9,"2018-03-04 19:06:52"
1597,49,1,1,"abduction",91,90.5,"2018-03-04 19:07:00"
1598,49,1,1,"abduction",122.1,129.1,"2018-03-04 19:07:11"
1599,49,1,2,"flexion",61,44,"2018-03-04 19:08:06"
1600,49,1,2,"flexion",88.4,88.3,"2018-03-04 19:08:16"
1601,49,1,2,"flexion",122,118.9,"2018-03-04 19:08:26"
1602,49,1,2,"flexion",62.9,65,"2018-03-04 19:08:35"
1603,49,1,2,"flexion",91.9,93.2,"2018-03-04 19:08:47"
1604,49,1,2,"flexion",119,106.3,"2018-03-04 19:08:56"
1605,49,1,2,"flexion",64,62.6,"2018-03-04 19:09:06"
1606,49,1,2,"flexion",90.9,92,"2018-03-04 19:09:15"
1607,49,1,2,"flexion",120.9,119.2,"2018-03-04 19:09:25"
1608,49,1,2,"flexion",58.6,55,"2018-03-04 19:09:34"
1609,49,1,2,"flexion",90.9,87.1,"2018-03-04 19:09:41"
1610,49,1,2,"flexion",120.6,119.4,"2018-03-04 19:09:51"
1611,49,1,2,"flexion",62.3,65.7,"2018-03-04 19:10:00"
1612,49,1,2,"flexion",88.8,84,"2018-03-04 19:10:09"
1613,49,1,2,"flexion",119,115.7,"2018-03-04 19:10:18"
1415,43,1,1,"abduction",120.6,123.2,"2018-03-04 13:47:32"
1416,43,1,1,"abduction",60.1,65.8,"2018-03-04 13:47:43"
1417,43,1,1,"abduction",91.2,99.9,"2018-03-04 13:47:54"
1418,43,1,1,"abduction",121.1,121.3,"2018-03-04 13:48:06"
1419,43,1,2,"flexion",62.4,61.4,"2018-03-04 13:49:09"
1420,43,1,2,"flexion",92.4,97,"2018-03-04 13:49:19"
1421,43,1,2,"flexion",119.9,122.5,"2018-03-04 13:49:30"
1422,43,1,2,"flexion",58.5,65.7,"2018-03-04 13:49:42"
1423,43,1,2,"flexion",90.8,95.8,"2018-03-04 13:49:56"
1424,43,1,2,"flexion",121,120.4,"2018-03-04 13:50:08"
1425,43,1,2,"flexion",59.1,63.3,"2018-03-04 13:50:18"
1426,43,1,2,"flexion",93.7,89.2,"2018-03-04 13:50:56"
1427,43,1,2,"flexion",120.7,123.8,"2018-03-04 13:51:08"
1428,43,1,2,"flexion",59.5,62.3,"2018-03-04 13:51:19"
1429,43,1,2,"flexion",90.4,90.3,"2018-03-04 13:51:32"
1430,43,1,2,"flexion",121.5,125.3,"2018-03-04 13:51:44"
1431,43,1,2,"flexion",60.9,58.4,"2018-03-04 13:52:12"
1432,43,1,2,"flexion",92.1,92.9,"2018-03-04 13:52:24"
1433,43,1,2,"flexion",120.7,122.1,"2018-03-04 13:52:37"
1434,44,1,1,"abduction",56.1,47.4,"2018-03-04 15:18:27"
1435,44,1,1,"abduction",90.4,100.5,"2018-03-04 15:18:47"
1436,44,1,1,"abduction",119.7,120.4,"2018-03-04 15:19:12"
1437,44,1,1,"abduction",63,65.6,"2018-03-04 15:19:33"
1438,44,1,1,"abduction",90.1,89.7,"2018-03-04 15:19:51"
1439,44,1,1,"abduction",118.7,111.5,"2018-03-04 15:20:11"
1440,44,1,1,"abduction",64.2,60.9,"2018-03-04 15:20:26"
1441,44,1,1,"abduction",90.1,91,"2018-03-04 15:20:45"
1442,44,1,1,"abduction",119.2,115,"2018-03-04 15:21:04"
1443,44,1,1,"abduction",60.6,68.8,"2018-03-04 15:21:22"
1444,44,1,1,"abduction",89.7,88.4,"2018-03-04 15:21:39"
1445,44,1,1,"abduction",118.1,113.9,"2018-03-04 15:21:57"
1446,44,1,1,"abduction",60.6,54.3,"2018-03-04 15:22:13"
1447,44,1,1,"abduction",91.4,86.5,"2018-03-04 15:22:29"
1448,44,1,1,"abduction",121,118.8,"2018-03-04 15:22:47"
1449,44,1,2,"flexion",62,64.2,"2018-03-04 15:24:05"
1450,44,1,2,"flexion",92,91.1,"2018-03-04 15:24:23"
1451,44,1,2,"flexion",118.4,116,"2018-03-04 15:24:45"
1452,44,1,2,"flexion",61.4,66.2,"2018-03-04 15:25:13"
1453,44,1,2,"flexion",91.2,92.4,"2018-03-04 15:25:29"
1454,44,1,2,"flexion",119,114.7,"2018-03-04 15:25:47"
1455,44,1,2,"flexion",56.3,59.4,"2018-03-04 15:26:04"
1456,44,1,2,"flexion",90.1,95.3,"2018-03-04 15:26:21"
1457,44,1,2,"flexion",118.5,116.3,"2018-03-04 15:26:39"
1458,44,1,2,"flexion",58.4,63.4,"2018-03-04 15:26:56"
1459,44,1,2,"flexion",91.4,89.8,"2018-03-04 15:27:12"
1460,44,1,2,"flexion",114.2,113.2,"2018-03-04 15:27:31"
1461,44,1,2,"flexion",64.8,68.7,"2018-03-04 15:27:46"
1462,44,1,2,"flexion",92.8,90.8,"2018-03-04 15:28:01"
1463,44,1,2,"flexion",118.8,117.2,"2018-03-04 15:28:20"
1464,45,1,1,"abduction",60,66.5,"2018-03-04 16:07:06"
1465,45,1,1,"abduction",89.5,96.5,"2018-03-04 16:07:17"
1466,45,1,1,"abduction",119.4,131.9,"2018-03-04 16:07:30"
1467,45,1,1,"abduction",61.4,75,"2018-03-04 16:07:42"
1468,45,1,1,"abduction",92.8,98,"2018-03-04 16:07:54"
1469,45,1,1,"abduction",124.5,124.6,"2018-03-04 16:08:05"
1470,45,1,1,"abduction",57.9,75.8,"2018-03-04 16:08:18"
1471,45,1,1,"abduction",91.2,99.9,"2018-03-04 16:08:30"
1472,45,1,1,"abduction",120.4,127.8,"2018-03-04 16:08:43"
1473,45,1,1,"abduction",57.3,76.4,"2018-03-04 16:08:53"
1474,45,1,1,"abduction",91.4,96.2,"2018-03-04 16:09:02"
1475,45,1,1,"abduction",124.1,120.2,"2018-03-04 16:09:15"
1476,45,1,1,"abduction",58.7,65.4,"2018-03-04 16:09:27"
1477,45,1,1,"abduction",89.4,91.8,"2018-03-04 16:09:38"
1478,45,1,1,"abduction",119.6,118.3,"2018-03-04 16:09:52"
1479,45,1,2,"flexion",61,74.8,"2018-03-04 16:11:49"
1480,45,1,2,"flexion",89.2,89.3,"2018-03-04 16:12:02"
1481,45,1,2,"flexion",121.5,119.7,"2018-03-04 16:12:17"
1482,45,1,2,"flexion",61.8,81.8,"2018-03-04 16:12:28"
1483,45,1,2,"flexion",91.8,94.3,"2018-03-04 16:12:39"
1484,45,1,2,"flexion",122.4,119.6,"2018-03-04 16:12:53"
1485,45,1,2,"flexion",60.6,84,"2018-03-04 16:13:05"
1486,45,1,2,"flexion",90.5,91.8,"2018-03-04 16:13:18"
1487,45,1,2,"flexion",122.7,120.7,"2018-03-04 16:13:31"
1488,45,1,2,"flexion",61.9,77,"2018-03-04 16:13:43"
1489,45,1,2,"flexion",88.9,91.2,"2018-03-04 16:13:55"
1490,45,1,2,"flexion",123.2,124.7,"2018-03-04 16:14:06"
1491,45,1,2,"flexion",57.3,75.6,"2018-03-04 16:14:17"
1492,45,1,2,"flexion",91.6,90.5,"2018-03-04 16:14:27"
1493,45,1,2,"flexion",121.8,115.4,"2018-03-04 16:14:38"
1494,46,1,1,"abduction",63.4,68.8,"2018-03-04 16:56:31"
1495,46,1,1,"abduction",91.7,90.9,"2018-03-04 16:56:48"
1496,46,1,1,"abduction",117.9,121.2,"2018-03-04 16:57:11"
1497,46,1,1,"abduction",65.1,70,"2018-03-04 16:57:26"
1498,46,1,1,"abduction",90.1,97.9,"2018-03-04 16:57:41"
1499,46,1,1,"abduction",118.5,124.6,"2018-03-04 16:57:56"
1500,46,1,1,"abduction",60.2,59.5,"2018-03-04 16:58:10"
1501,46,1,1,"abduction",91.3,90.3,"2018-03-04 16:58:27"
1502,46,1,1,"abduction",118.7,125.1,"2018-03-04 16:58:43"
1547,47,1,2,"flexion",118.9,120.2,"2018-03-04 17:50:35"
1548,47,1,2,"flexion",61.1,70.5,"2018-03-04 17:50:47"
1549,47,1,2,"flexion",91.6,97.4,"2018-03-04 17:50:58"
1550,47,1,2,"flexion",119.1,122.2,"2018-03-04 17:51:09"
1551,47,1,2,"flexion",60.3,71.2,"2018-03-04 17:51:19"
1552,47,1,2,"flexion",89.9,98,"2018-03-04 17:51:29"
1553,47,1,2,"flexion",115.5,114.8,"2018-03-04 17:51:41"
1554,48,1,1,"abduction",64.5,69.4,"2018-03-04 18:26:52"
1555,48,1,1,"abduction",89.8,92.3,"2018-03-04 18:27:12"
1556,48,1,1,"abduction",122,136.2,"2018-03-04 18:27:25"
1557,48,1,1,"abduction",63.3,75.7,"2018-03-04 18:27:40"
1558,48,1,1,"abduction",92.8,96.5,"2018-03-04 18:27:53"
1559,48,1,1,"abduction",125.6,134.6,"2018-03-04 18:28:07"
1560,48,1,1,"abduction",59.8,75.3,"2018-03-04 18:28:19"
1561,48,1,1,"abduction",92.9,103.1,"2018-03-04 18:28:33"
1562,48,1,1,"abduction",120.9,126.3,"2018-03-04 18:28:48"
1563,48,1,1,"abduction",61.4,68,"2018-03-04 18:29:00"
1564,48,1,1,"abduction",90.8,99.9,"2018-03-04 18:29:12"
1565,48,1,1,"abduction",119.1,132.5,"2018-03-04 18:29:25"
1566,48,1,1,"abduction",56.1,76.1,"2018-03-04 18:29:39"
1567,48,1,1,"abduction",94,100.9,"2018-03-04 18:29:52"
1568,48,1,1,"abduction",118.7,122.8,"2018-03-04 18:30:07"
1569,48,1,2,"flexion",64.8,79.6,"2018-03-04 18:31:15"
1570,48,1,2,"flexion",96.6,100.8,"2018-03-04 18:31:27"
1571,48,1,2,"flexion",123.2,119.2,"2018-03-04 18:31:41"
1572,48,1,2,"flexion",61.7,74.9,"2018-03-04 18:31:52"
1573,48,1,2,"flexion",93.2,95.2,"2018-03-04 18:32:05"
1574,48,1,2,"flexion",121.3,119.1,"2018-03-04 18:32:18"
1575,48,1,2,"flexion",62,84.4,"2018-03-04 18:32:29"
1576,48,1,2,"flexion",92.9,97.8,"2018-03-04 18:32:41"
1577,48,1,2,"flexion",120.2,119.2,"2018-03-04 18:32:56"
1578,48,1,2,"flexion",64.4,79,"2018-03-04 18:33:08"
1579,48,1,2,"flexion",94.5,98,"2018-03-04 18:33:21"
1580,48,1,2,"flexion",118.1,122,"2018-03-04 18:33:34"
1581,48,1,2,"flexion",60.6,75.6,"2018-03-04 18:33:46"
1582,48,1,2,"flexion",93.6,93.8,"2018-03-04 18:33:59"
1583,48,1,2,"flexion",121.5,125.5,"2018-03-04 18:34:12"
1584,49,1,1,"abduction",61.3,57,"2018-03-04 19:04:55"
1585,49,1,1,"abduction",91.1,91,"2018-03-04 19:05:05"
1586,49,1,1,"abduction",125.2,127.8,"2018-03-04 19:05:15"
1587,49,1,1,"abduction",63.4,62.8,"2018-03-04 19:05:24"
1588,49,1,1,"abduction",93.8,91.5,"2018-03-04 19:05:32"
1589,49,1,1,"abduction",115.9,125.2,"2018-03-04 19:05:47"
1590,49,1,1,"abduction",62.3,70.9,"2018-03-04 19:05:57"
111,50,1,1,"abduction",58.1,55.1,"2018-02-21 16:29:17"
112,50,1,1,"abduction",90.3,89.5,"2018-02-21 16:29:31"
113,50,1,1,"abduction",122.6,118.9,"2018-02-21 16:29:48"
114,50,1,1,"abduction",57.2,58.5,"2018-02-21 16:30:06"
115,50,1,1,"abduction",89.4,91.9,"2018-02-21 16:30:21"
116,50,1,1,"abduction",122.6,122,"2018-02-21 16:30:35"
117,50,1,1,"abduction",122,114.1,"2018-02-21 16:31:22"
118,50,1,1,"abduction",55.5,57.9,"2018-02-21 16:31:37"
119,50,1,1,"abduction",90.3,92.2,"2018-02-21 16:31:51"
120,50,1,1,"abduction",124.8,117.1,"2018-02-21 16:32:06"
121,50,1,1,"abduction",124.8,116.9,"2018-02-21 16:32:23"
122,50,1,1,"abduction",50.9,57.2,"2018-02-21 16:32:39"
123,50,1,1,"abduction",91.9,95.4,"2018-02-21 16:32:52"
124,50,1,1,"abduction",54.3,54.8,"2018-02-21 16:33:14"
125,50,1,1,"abduction",91.3,98.2,"2018-02-21 16:33:38"
126,50,1,2,"flexion",59.3,63.2,"2018-02-21 16:34:58"
127,50,1,2,"flexion",92.6,87.8,"2018-02-21 16:35:35"
128,50,1,2,"flexion",118.1,113.3,"2018-02-21 16:35:56"
129,50,1,2,"flexion",64.5,83.3,"2018-02-21 16:36:11"
130,50,1,2,"flexion",90.5,89.5,"2018-02-21 16:36:56"
131,50,1,2,"flexion",119.6,115.7,"2018-02-21 16:37:10"
132,50,1,2,"flexion",60.6,92.4,"2018-02-21 16:37:27"
133,50,1,2,"flexion",93.2,98.3,"2018-02-21 16:37:57"
134,50,1,2,"flexion",120.8,119.6,"2018-02-21 16:38:13"
135,50,1,2,"flexion",65.1,86.2,"2018-02-21 16:38:27"
136,50,1,2,"flexion",93.4,98.5,"2018-02-21 16:38:43"
137,50,1,2,"flexion",118.2,117.4,"2018-02-21 16:38:58"
138,50,1,2,"flexion",60.7,87.2,"2018-02-21 16:39:14"
139,50,1,2,"flexion",93.6,93.8,"2018-02-21 16:39:30"
140,50,1,2,"flexion",119.2,118.8,"2018-02-21 16:39:48"
